URL,Version,Status,OIDs,Name,Title,Description,Used
http://hl7.org/fhir/address-type,4.0.1,active,"2.16.840.1.113883.4.642.4.70",AddressType,AddressType,"The type of an address (physical / postal).","ValueSet/address-type"
http://hl7.org/fhir/address-use,4.0.1,active,"2.16.840.1.113883.4.642.4.68",AddressUse,AddressUse,"The use of an address.","ValueSet/address-use"
http://hl7.org/fhir/administrative-gender,4.0.1,active,"2.16.840.1.113883.4.642.4.2",AdministrativeGender,AdministrativeGender,"The gender of a person used for administrative purposes.","ValueSet/administrative-gender"
http://hl7.org/fhir/bundle-type,4.0.1,active,"2.16.840.1.113883.4.642.4.621",BundleType,BundleType,"Indicates the purpose of a bundle - how it is intended to be used.","ValueSet/bundle-type"
http://hl7.org/fhir/composition-attestation-mode,4.0.1,draft,"2.16.840.1.113883.4.642.4.239",CompositionAttestationMode,CompositionAttestationMode,"The way in which a person authenticated a composition.","ValueSet/composition-attestation-mode"
http://hl7.org/fhir/composition-status,4.0.1,draft,"2.16.840.1.113883.4.642.4.242",CompositionStatus,CompositionStatus,"The workflow/clinical status of the composition.","ValueSet/composition-status"
http://hl7.org/fhir/days-of-week,4.0.1,active,"2.16.840.1.113883.4.642.4.513",DaysOfWeek,DaysOfWeek,"The days of the week.","ValueSet/days-of-week"
http://hl7.org/fhir/document-relationship-type,4.0.1,draft,"2.16.840.1.113883.4.642.4.245",DocumentRelationshipType,DocumentRelationshipType,"The type of relationship between documents.","ValueSet/document-relationship-type"
http://hl7.org/fhir/encounter-location-status,4.0.1,draft,"2.16.840.1.113883.4.642.4.263",EncounterLocationStatus,EncounterLocationStatus,"The status of the location.","ValueSet/encounter-location-status"
http://hl7.org/fhir/encounter-status,4.0.1,draft,"2.16.840.1.113883.4.642.4.247",EncounterStatus,EncounterStatus,"Current state of the encounter.","ValueSet/encounter-status"
http://hl7.org/fhir/http-verb,4.0.1,active,"2.16.840.1.113883.4.642.4.625",HTTPVerb,HTTPVerb,"HTTP verbs (in the HTTP command line). See [HTTP rfc](https://tools.ietf.org/html/rfc7231) for details.","ValueSet/http-verb"
http://hl7.org/fhir/identifier-use,4.0.1,active,"2.16.840.1.113883.4.642.4.58",IdentifierUse,IdentifierUse,"Identifies the purpose for this identifier, if known .","ValueSet/identifier-use"
http://hl7.org/fhir/link-type,4.0.1,active,"2.16.840.1.113883.4.642.4.424",LinkType,LinkType,"The type of link between this patient resource and another patient resource.","ValueSet/link-type"
http://hl7.org/fhir/list-mode,4.0.1,draft,"2.16.840.1.113883.4.642.4.319",ListMode,ListMode,"The processing mode that applies to this list.","ValueSet/list-mode"
http://hl7.org/fhir/location-mode,4.0.1,draft,"2.16.840.1.113883.4.642.4.331",LocationMode,LocationMode,"Indicates whether a resource instance represents a specific location or a class of locations.","ValueSet/location-mode"
http://hl7.org/fhir/location-status,4.0.1,draft,"2.16.840.1.113883.4.642.4.333",LocationStatus,LocationStatus,"Indicates whether the location is still in use.","ValueSet/location-status"
http://hl7.org/fhir/observation-status,4.0.1,active,"2.16.840.1.113883.4.642.4.401",ObservationStatus,ObservationStatus,"Codes providing the status of an observation.","ValueSet/observation-status"
http://hl7.org/fhir/search-entry-mode,4.0.1,active,"2.16.840.1.113883.4.642.4.623",SearchEntryMode,SearchEntryMode,"Why an entry is in the result set - whether it's included as a match or because of an _include requirement, or to convey information or warning information about the search process.","ValueSet/search-entry-mode"
http://snomed.info/sct,null,active,"2.16.840.1.113883.6.96",SNOMED_CT,SNOMED CT (all versions),"SNOMED CT is the most comprehensive and precise clinical health terminology product in the world, owned and distributed around the world by The International Health Terminology Standards Development Organisation (IHTSDO).","ValueSet/referencerange-appliesto,ValueSet/encounter-reason,ValueSet/observation-methods,ValueSet/body-site"
http://terminology.hl7.org/CodeSystem/admit-source,1.0.1,active,"2.16.840.1.113883.4.642.1.1092",AdmitSource,Admit source,"This value set defines a set of codes that can be used to indicate from where the patient came in.","ValueSet/encounter-admit-source"
http://terminology.hl7.org/CodeSystem/data-absent-reason,2.0.0,active,"2.16.840.1.113883.4.642.4.1048",DataAbsentReason,DataAbsentReason,"Used to specify why the normally expected content of the data element is missing.","ValueSet/data-absent-reason"
http://terminology.hl7.org/CodeSystem/diagnosis-role,1.1.1,active,"2.16.840.1.113883.4.642.1.1054",DiagnosisRole,Diagnosis Role,"This value set defines a set of codes that can be used to express the role of a diagnosis on the Encounter or EpisodeOfCare record.","ValueSet/diagnosis-role"
http://terminology.hl7.org/CodeSystem/diet,1.0.1,active,"2.16.840.1.113883.4.642.1.1091",Diet,Diet,"This value set defines a set of codes that can be used to indicate dietary preferences or restrictions a patient may have.","ValueSet/encounter-diet"
http://terminology.hl7.org/CodeSystem/discharge-disposition,1.0.1,active,"2.16.840.1.113883.4.642.1.1093",DischargeDisposition,Discharge disposition,"This value set defines a set of codes that can be used to where the patient left the hospital.","ValueSet/encounter-discharge-disposition"
http://terminology.hl7.org/CodeSystem/encounter-special-arrangements,1.0.1,active,"2.16.840.1.113883.4.642.1.1090",SpecialArrangements,Special arrangements,"This value set defines a set of codes that can be used to indicate the kinds of special arrangements in place for a patients visit.","ValueSet/encounter-special-arrangements"
http://terminology.hl7.org/CodeSystem/list-empty-reason,1.0.1,active,"2.16.840.1.113883.4.642.1.1106",ListEmptyReasons,List Empty Reasons,"General reasons for a list to be empty. Reasons are either related to a summary list (i.e. problem or medication list) or to a workflow related list (i.e. consultation list).","ValueSet/list-empty-reason"
http://terminology.hl7.org/CodeSystem/list-order,2.0.0,active,"2.16.840.1.113883.4.642.1.1107",ListOrderCodes,List Order Codes,"Base values for the order of item lists in resources.","ValueSet/list-order"
http://terminology.hl7.org/CodeSystem/location-physical-type,2.0.1,active,"2.16.840.1.113883.4.642.1.1108",LocationType,Location type,"This example value set defines a set of codes that can be used to indicate the physical form of the Location.  This includes several 'non physical' codes which are still considered a location.","ValueSet/location-physical-type"
http://terminology.hl7.org/CodeSystem/observation-category,2.0.0,active,"2.16.840.1.113883.4.642.1.1125",ObservationCategoryCodes,Observation Category Codes,"Observation Category codes.","ValueSet/observation-category"
http://terminology.hl7.org/CodeSystem/participant-type,1.0.1,active,"2.16.840.1.113883.4.642.1.1089",ParticipantType,Participant type,"This value set defines a set of codes that can be used to indicate how an individual participates in an encounter.","ValueSet/encounter-participant-type"
http://terminology.hl7.org/CodeSystem/referencerange-meaning,1.0.1,active,"2.16.840.1.113883.4.642.1.1124",ObservationReferenceRangeMeaningCodes,Observation Reference Range Meaning Codes,"This value set defines a set of codes that can be used to indicate the meaning/use of a reference range for a particular target population.","ValueSet/referencerange-meaning"
http://terminology.hl7.org/CodeSystem/service-type,1.1.1,active,"2.16.840.1.113883.4.642.1.1145",ServiceType,Service type,"This value set defines an example set of codes of service-types.","ValueSet/service-type"
http://terminology.hl7.org/CodeSystem/v2-0092,3.0.0,active,"2.16.840.1.113883.18.36",ReAdmissionIndicator,re-admissionIndicator,"Code system of concepts which are used to specify that a patient is being re admitted to a healthcare facilityin from which they were discharged, and indicates the circumstances around such re-admission.  Used in HL7 Version 2.x messagine in the PV1 segment.","ValueSet/v2-0092"
http://terminology.hl7.org/CodeSystem/v2-0116,3.0.0,active,"2.16.840.1.113883.18.47",BedStatus,bedStatus,"Code system of concepts which specify the state of a bed in an inpatient setting, and is used to determine if a patient may be assigned to it or not.  Used in HL7 Version 2.x messaging in the DLD and PV1 segments.","ValueSet/v2-0116"
http://terminology.hl7.org/CodeSystem/v2-0131,3.0.0,active,"2.16.840.1.113883.18.58",ContactRole2,contactRole2,"Code system of concepts which specify a relationship role that the next of kin/associated parties plays with regard to the patient. Also used in referrals, for example, it may be necessary to identify the contact representative at the clinic that sent a referral. Used in HL7 Version 2 messaging in the NK1 and CTD segments after 2.5, when it replace 2.16.840.1.113883.18.57.","ValueSet/patient-contactrelationship"
http://terminology.hl7.org/CodeSystem/v2-0203,5.0.0,active,"2.16.840.1.113883.18.108",IdentifierType,identifierType,"HL7-defined code system of concepts specifying type of identifier. Used in HL7 Version 2.x messaging data types CX, PLN, PPN, XCN and XON.","ValueSet/identifier-type"
http://terminology.hl7.org/CodeSystem/v3-ActCode,11.0.0,active,"2.16.840.1.113883.5.4",ActCode,ActCode,"A code specifying the particular kind of Act that the Act-instance represents within its class.    *Constraints:* The kind of Act (e.g. physical examination, serum potassium, inpatient encounter, charge financial transaction, etc.) is specified with a code from one of several, typically external, coding systems. The coding system will depend on the class of Act, such as LOINC for observations, etc.    Conceptually, the Act.code must be a specialization of the Act.classCode. This is why the structure of ActClass domain should be reflected in the superstructure of the ActCode domain and then individual codes or externally referenced vocabularies subordinated under these domains that reflect the ActClass structure.    Act.classCode and Act.code are not modifiers of each other but the Act.code concept should really imply the Act.classCode concept. For a negative example, it is not appropriate to use an Act.code ""potassium"" together with and Act.classCode for ""laboratory observation"" to somehow mean ""potassium laboratory observation"" and then use the same Act.code for ""potassium"" together with Act.classCode for ""medication"" to mean ""substitution of potassium"". This mutually modifying use of Act.code and Act.classCode is not permitted.","ValueSet/v3-ActCode,ValueSet/v3-ActEncounterCode"
http://terminology.hl7.org/CodeSystem/v3-ActPriority,5.0.0,active,"2.16.840.1.113883.5.7",ActPriority,ActPriority,"A set of codes (e.g., for routine, emergency), specifying the urgency under which the Act happened, can happen, is happening, is intended to happen, or is requested/demanded to happen.","ValueSet/v3-ActPriority"
http://terminology.hl7.org/CodeSystem/v3-Confidentiality,5.0.0,active,"2.16.840.1.113883.5.25",Confidentiality,Confidentiality,"A set of codes specifying the security classification of acts and roles in accordance with the definition for concept domain ""Confidentiality"".","ValueSet/v3-ConfidentialityClassification"
http://terminology.hl7.org/CodeSystem/v3-EncounterSpecialCourtesy,4.0.0,active,"2.16.840.1.113883.5.40",EncounterSpecialCourtesy,EncounterSpecialCourtesy,"**** MISSING DESCRIPTION ****","ValueSet/encounter-special-courtesy"
http://terminology.hl7.org/CodeSystem/v3-MaritalStatus,5.0.0,active,"2.16.840.1.113883.5.2",MaritalStatus,MaritalStatus,"\* \* \* No description supplied \* \* \*    *Open Issue:* The specific meanings of these codes can vary somewhat by jurisdiction and implementation so caution should be used when determining equivalency.    *Open Issue:* fixing and completion of the hierarchy and proper good definitions of all the concepts is badly needed.","ValueSet/marital-status"
http://terminology.hl7.org/CodeSystem/v3-NullFlavor,4.0.0,active,"2.16.840.1.113883.5.1008",NullFlavor,NullFlavor,"A collection of codes specifying why a valid value is not present.","ValueSet/marital-status,ValueSet/encounter-special-courtesy"
http://terminology.hl7.org/CodeSystem/v3-ObservationInterpretation,4.0.0,active,"2.16.840.1.113883.5.83",ObservationInterpretation,ObservationInterpretation,"One or more codes providing a rough qualitative interpretation of the observation, such as ""normal"" / ""abnormal"", ""low"" / ""high"", ""better"" / ""worse"", ""resistant"" / ""susceptible"", ""expected"" / ""not expected"". The value set is intended to be for ANY use where coded representation of an interpretation is needed.","ValueSet/observation-interpretation"
http://terminology.hl7.org/CodeSystem/v3-ParticipationType,7.0.0,active,"2.16.840.1.113883.5.90",ParticipationType,ParticipationType,"A code specifying the meaning and purpose of every Participation instance. Each of its values implies specific constraints on the Roles undertaking the participation.","ValueSet/encounter-participant-type"
http://terminology.hl7.org/CodeSystem/v3-RoleCode,4.0.0,active,"2.16.840.1.113883.5.111",RoleCode,RoleCode,"A set of codes further specifying the kind of Role; specific classification codes for further qualifying RoleClass codes.","ValueSet/v3-ServiceDeliveryLocationRoleType"
https://till-ko.github.io/de-ems/CodeSystem/mind-aerztliche-begleitung-cs,0.1.0,active,"2.25.169126619167380341660016816424527320624.16.1",MindAerztlicheBegleitungCS,MIND Ärztliche Transportbegleitung,"Ärztliche Transportbegleitung gemäß MIND 7.1.","ValueSet/mind-aerztliche-begleitung-vs"
https://till-ko.github.io/de-ems/CodeSystem/mind-aerztliche-qualifikation-cs,0.1.0,active,"2.25.169126619167380341660016816424527320624.16.2",MindAerztlicheQualifikationCS,MIND Ärztliche Qualifikation,"Notärztliches oder transportärztliches Fachgebiet bzw. Qualifikation gemäß MIND 7.1.","ValueSet/mind-aerztliche-qualifikation-vs"
https://till-ko.github.io/de-ems/CodeSystem/mind-airway-massnahme-cs,0.1.0,active,"2.25.169126619167380341660016816424527320624.16.3",MindAirwayMassnahmeCS,MIND Airway-Maßnahme,"Maßnahmen zum Atemwegsmanagement gemäß MIND 7.1.","ValueSet/mind-airway-massnahme-vs"
https://till-ko.github.io/de-ems/CodeSystem/mind-atemunterstuetzung-cs,0.1.0,active,"2.25.169126619167380341660016816424527320624.16.4",MindAtemunterstuetzungCS,MIND Atemunterstützung,"Atemunterstützung und Beatmung gemäß MIND 7.1.","ValueSet/mind-atemunterstuetzung-vs"
https://till-ko.github.io/de-ems/CodeSystem/mind-atmung-cs,0.1.0,active,"2.25.169126619167380341660016816424527320624.16.5",MindAtmungCS,MIND Klinischer Atembefund,"Klinische Befunde der Atmung gemäß MIND 7.1.","ValueSet/mind-atmung-vs"
https://till-ko.github.io/de-ems/CodeSystem/mind-beteiligtes-rettungsmittel-cs,0.1.0,active,"2.25.169126619167380341660016816424527320624.16.6",MindBeteiligtesRettungsmittelCS,MIND Beteiligtes Rettungsmittel,"Typen der am Einsatz beteiligten Rettungsmittel gemäß MIND 7.1.","ValueSet/mind-beteiligtes-rettungsmittel-vs"
https://till-ko.github.io/de-ems/CodeSystem/mind-bewusstseinslage-cs,0.1.0,active,"2.25.169126619167380341660016816424527320624.16.7",MindBewusstseinslageCS,MIND Bewusstseinslage,"Bewusstseinslage gemäß MIND 7.1.","ValueSet/mind-bewusstseinslage-vs"
https://till-ko.github.io/de-ems/CodeSystem/mind-circulation-zugang-cs,0.1.0,active,"2.25.169126619167380341660016816424527320624.16.8",MindCirculationZugangCS,MIND Medikamentenzugang,"Angelegter Medikamentenzugang gemäß MIND 7.1.","ValueSet/mind-circulation-zugang-vs"
https://till-ko.github.io/de-ems/CodeSystem/mind-diagnose-cs,0.1.0,active,"2.25.169126619167380341660016816424527320624.16.9",MindDiagnoseCS,MIND Diagnose,"MIND-7.1-Diagnosecodes für präklinische Erkrankungen und Verletzungen.","ValueSet/mind-diagnose-vs"
https://till-ko.github.io/de-ems/CodeSystem/mind-dokumentierendes-rettungsmittel-cs,0.1.0,active,"2.25.169126619167380341660016816424527320624.16.10",MindDokumentierendesRettungsmittelCS,MIND Dokumentierendes Rettungsmittel,"Typ des dokumentierenden Rettungsmittels gemäß MIND 7.1.","ValueSet/mind-dokumentierendes-rettungsmittel-vs"
https://till-ko.github.io/de-ems/CodeSystem/mind-einsatzart-cs,0.1.0,active,"2.25.169126619167380341660016816424527320624.16.11",MindEinsatzartCS,MIND Einsatzart,"Einsatzart gemäß MIND 7.1 Spezifikation. Beschreibt die Art des Einsatzes (Notfallrettung, Verlegung, Intensivtransport, Krankentransport, Dienstfahrt, Pause).","ValueSet/mind-einsatzart-vs,ValueSet/mind-einsatzart-na-vs,ValueSet/mind-einsatzart-rd-vs"
https://till-ko.github.io/de-ems/CodeSystem/mind-einsatzbesonderheit-cs,0.1.0,active,"2.25.169126619167380341660016816424527320624.16.12",MindEinsatzbesonderheitCS,MIND Einsatzbesonderheit,"Einsatzbesonderheiten gemäß MIND 7.1.","ValueSet/mind-einsatzbesonderheit-vs"
https://till-ko.github.io/de-ems/CodeSystem/mind-einsatzort-typ-cs,0.1.0,active,"2.25.169126619167380341660016816424527320624.16.13",MindEinsatzortTypCS,MIND Einsatzorttyp CodeSystem,"Einsatzorttyp gemäß MIND 7.1 Spezifikation.","ValueSet/mind-einsatzort-typ-vs"
https://till-ko.github.io/de-ems/CodeSystem/mind-ekg-12-kanal-cs,0.1.0,active,"2.25.169126619167380341660016816424527320624.16.14",MindEkg12KanalCS,MIND 12-Kanal-EKG,"Durchführung eines 12-Kanal-EKG gemäß MIND 7.1.","ValueSet/mind-ekg-12-kanal-vs"
https://till-ko.github.io/de-ems/CodeSystem/mind-ekg-befund-cs,0.1.0,active,"2.25.169126619167380341660016816424527320624.16.15",MindEkgbefundCS,MIND EKG-Befund,"EKG-Befund gemäß MIND 7.1.","ValueSet/mind-ekg-befund-vs"
https://till-ko.github.io/de-ems/CodeSystem/mind-erste-defibrillation-durch-cs,0.1.0,active,"2.25.169126619167380341660016816424527320624.16.16",MindErsteDefibrillationDurchCS,MIND Erste Defibrillation durch,"Person oder Einheit, die die erste Defibrillation durchgeführt hat, gemäß MIND 7.1.","ValueSet/mind-erste-defibrillation-durch-vs"
https://till-ko.github.io/de-ems/CodeSystem/mind-hautbefund-cs,0.1.0,active,"2.25.169126619167380341660016816424527320624.16.17",MindHautbefundCS,MIND Hautbefund,"Hautbefunde gemäß MIND 7.1.","ValueSet/mind-hautbefund-vs"
https://till-ko.github.io/de-ems/CodeSystem/mind-heilkundliche-massnahme-cs,0.1.0,active,"2.25.169126619167380341660016816424527320624.16.18",MindHeilkundlicheMassnahmeCS,MIND Eigenständige heilkundliche Maßnahme,"Eigenständig oder eigenverantwortlich durch Notfallsanitäterinnen und Notfallsanitäter durchgeführte heilkundliche Maßnahmen gemäß MIND 7.1.","ValueSet/mind-heilkundliche-massnahme-vs"
https://till-ko.github.io/de-ems/CodeSystem/mind-herzdruckmassage-durch-cs,0.1.0,active,"2.25.169126619167380341660016816424527320624.16.19",MindHerzdruckmassageDurchCS,MIND Beginn der Herzdruckmassage durch,"Person oder Einheit, die mit der Herzdruckmassage begonnen hat, gemäß MIND 7.1.","ValueSet/mind-herzdruckmassage-durch-vs"
https://till-ko.github.io/de-ems/CodeSystem/mind-indikation-intensivtransport-cs,0.1.0,active,"2.25.169126619167380341660016816424527320624.16.20",MindIndikationIntensivtransportCS,MIND Indikation Intensivtransport,"Indikation für einen Intensivtransport gemäß MIND 7.1.","ValueSet/mind-indikation-intensivtransport-vs"
https://till-ko.github.io/de-ems/CodeSystem/mind-kein-transport-mit-patient-cs,0.1.0,active,"2.25.169126619167380341660016816424527320624.16.21",MindKeinTransportMitPatientCS,MIND Grund für Einsatz ohne Transport bei Patientenkontakt,"Grund für einen Einsatz ohne Transport trotz Patientenkontakt gemäß MIND 7.1.","ValueSet/mind-kein-transport-mit-patient-vs"
https://till-ko.github.io/de-ems/CodeSystem/mind-kein-transport-ohne-patient-cs,0.1.0,active,"2.25.169126619167380341660016816424527320624.16.22",MindKeinTransportOhnePatientCS,MIND Grund für Einsatz ohne Patientenkontakt,"Grund für einen Einsatz ohne Transport und ohne Patientenkontakt gemäß MIND 7.1.","ValueSet/mind-kein-transport-ohne-patient-vs"
https://till-ko.github.io/de-ems/CodeSystem/mind-kollaps-beobachtet-durch-cs,0.1.0,active,"2.25.169126619167380341660016816424527320624.16.23",MindKollapsBeobachtetDurchCS,MIND Kollaps beobachtet durch,"Person oder Einheit, die den Kollaps beobachtet hat, gemäß MIND 7.1.","ValueSet/mind-kollaps-beobachtet-durch-vs"
https://till-ko.github.io/de-ems/CodeSystem/mind-krankenhausaufnahme-zustand-cs,0.1.0,active,"2.25.169126619167380341660016816424527320624.16.24",MindKrankenhausaufnahmeZustandCS,MIND Patientenzustand bei Krankenhausaufnahme,"Patientenzustand bei Krankenhausaufnahme gemäß MIND 7.1.","ValueSet/mind-krankenhausaufnahme-zustand-vs"
https://till-ko.github.io/de-ems/CodeSystem/mind-kreislaufstillstandursache-cs,0.1.0,active,"2.25.169126619167380341660016816424527320624.16.25",MindKreislaufstillstandursacheCS,MIND Vermutete Ursache des Kreislaufstillstands,"Vermutete Ursache des Kreislaufstillstands gemäß MIND 7.1.","ValueSet/mind-kreislaufstillstandursache-vs"
https://till-ko.github.io/de-ems/CodeSystem/mind-lagerungs-rettungstechnik-cs,0.1.0,active,"2.25.169126619167380341660016816424527320624.16.26",MindLagerungsRettungstechnikCS,MIND Lagerungs- und Rettungstechnik,"Eingesetzte Lagerungs- und Rettungstechnik gemäß MIND 7.1.","ValueSet/mind-lagerungs-rettungstechnik-vs"
https://till-ko.github.io/de-ems/CodeSystem/mind-lichtreaktion-cs,0.1.0,active,"2.25.169126619167380341660016816424527320624.16.27",MindLichtreaktionCS,MIND Lichtreaktion,"Lichtreaktion der Pupillen gemäß MIND 7.1.","ValueSet/mind-lichtreaktion-vs"
https://till-ko.github.io/de-ems/CodeSystem/mind-medikamentengabe-cs,0.1.0,active,"2.25.169126619167380341660016816424527320624.16.28",MindMedikamentengabeCS,MIND Medikamentengabe,"Gültige Kombinationen aus Wirkstoffcode und Applikationsweg gemäß MIND 7.1.","ValueSet/mind-infusionsgabe-vs,ValueSet/mind-medikamentengabe-vs"
https://till-ko.github.io/de-ems/CodeSystem/mind-medizintechnik-cs,0.1.0,active,"2.25.169126619167380341660016816424527320624.16.29",MindMedizintechnikCS,MIND Medizintechnik,"Eingesetzte Medizintechnik gemäß MIND 7.1.","ValueSet/mind-medizintechnik-vs"
https://till-ko.github.io/de-ems/CodeSystem/mind-mnaca-score-cs,0.1.0,active,"2.25.169126619167380341660016816424527320624.16.30",MindMnacaScoreCS,MIND M-NACA-Score,"M-NACA-Score gemäß MIND 7.1.","ValueSet/mind-mnaca-score-vs"
https://till-ko.github.io/de-ems/CodeSystem/mind-naca-score-cs,0.1.0,active,"2.25.169126619167380341660016816424527320624.16.31",MindNacaScoreCS,MIND NACA-Score,"NACA-Score gemäß MIND 7.1.","ValueSet/mind-naca-score-vs"
https://till-ko.github.io/de-ems/CodeSystem/mind-neurologische-auffaelligkeit-cs,0.1.0,active,"2.25.169126619167380341660016816424527320624.16.32",MindNeurologischeAuffaelligkeitCS,MIND Neurologische Auffälligkeit,"Akute neurologische Auffälligkeiten gemäß MIND 7.1.","ValueSet/mind-neurologische-auffaelligkeit-vs"
https://till-ko.github.io/de-ems/CodeSystem/mind-neurologische-auffaelligkeit-verlauf-cs,0.1.0,active,"2.25.169126619167380341660016816424527320624.16.33",MindNeurologischeAuffaelligkeitVerlaufCS,MIND Neurologische Auffälligkeit im Verlauf,"Akute neurologische Auffälligkeiten im Verlaufsbefund gemäß MIND 7.1.","ValueSet/mind-neurologische-auffaelligkeit-verlauf-vs"
https://till-ko.github.io/de-ems/CodeSystem/mind-observationstyp-cs,0.1.0,active,"2.25.169126619167380341660016816424527320624.16.34",MindObservationstypCS,MIND Beobachtungstypen,"Beobachtungstypen (Observation.code) und zugehörige Komponenten-Codes für MIND-7.1-Beobachtungen.","ConceptMap/mind-observationstyp-2-ivr,ValueSet/mind-observationstyp-vs"
https://till-ko.github.io/de-ems/CodeSystem/mind-ort-patientenuebergabe-cs,0.1.0,active,"2.25.169126619167380341660016816424527320624.16.35",MindOrtPatientenuebergabeCS,MIND Ort der Patientenübergabe,"Ort der Patientenübergabe gemäß MIND 7.1.","ValueSet/mind-ort-patientenuebergabe-vs"
https://till-ko.github.io/de-ems/CodeSystem/mind-personalstatus-cs,0.1.0,active,"2.25.169126619167380341660016816424527320624.16.36",MindPersonalstatusCS,MIND Personalstatus,"Status des am Einsatz beteiligten Personals gemäß MIND 7.1.","ValueSet/mind-personalstatus-vs"
https://till-ko.github.io/de-ems/CodeSystem/mind-pre-emergency-status-cs,0.1.0,active,"2.25.169126619167380341660016816424527320624.16.37",MindPreEmergencyStatusCS,MIND Zustand vor Eintritt des Notfalls,"Zustand vor Eintritt des Notfalls gemäß MIND 7.1.","ValueSet/mind-pre-emergency-status-vs"
https://till-ko.github.io/de-ems/CodeSystem/mind-protokolltyp-cs,0.1.0,active,"2.25.169126619167380341660016816424527320624.16.38",MindProtokolltypCS,MIND Protokolltyp,"Typ des verwendeten Protokolls: NA für Notarztdokumentation, RD für Rettungsdienstdokumentation. Sollte in den Stammdaten fest dem Rettungsmittel/Personal zugewiesen werden; beim Wechsel von Dokumentations-Pads zwischen Fahrzeugen muss das korrekte Rettungsmittel (mit zugeordneter Projekt-ID) und der richtige Protokolltyp ausgewählt sein. Triggerfeld für Dokumentationsumfang und Plausibilitätsprüfungen (z. B. ProjektID, Rettungsmitteltyp, Einsatzart, Qualifikation Personal).","ValueSet/mind-protokolltyp-vs"
https://till-ko.github.io/de-ems/CodeSystem/mind-psychischer-zustand-cs,0.1.0,active,"2.25.169126619167380341660016816424527320624.16.39",MindPsychischerZustandCS,MIND Psychischer Zustand,"Psychischer Zustand gemäß MIND 7.1.","ValueSet/mind-psychischer-zustand-vs"
https://till-ko.github.io/de-ems/CodeSystem/mind-pupillenweite-cs,0.1.0,active,"2.25.169126619167380341660016816424527320624.16.40",MindPupillenweiteCS,MIND Pupillenweite,"Pupillenweite gemäß MIND 7.1.","ValueSet/mind-pupillenweite-vs"
https://till-ko.github.io/de-ems/CodeSystem/mind-rd-transport-cs,0.1.0,active,"2.25.169126619167380341660016816424527320624.16.41",MindRdTransportCS,MIND Rettungsdienstlicher Transport,"Rettungsdienstlicher Transport gemäß MIND 7.1.","ValueSet/mind-rd-transport-vs"
https://till-ko.github.io/de-ems/CodeSystem/mind-reanimationssituation-cs,0.1.0,active,"2.25.169126619167380341660016816424527320624.16.42",MindReanimationssituationCS,MIND Reanimationssituation,"Reanimationssituation gemäß MIND 7.1.","ValueSet/mind-reanimationssituation-vs"
https://till-ko.github.io/de-ems/CodeSystem/mind-reanimationstechnik-cs,0.1.0,active,"2.25.169126619167380341660016816424527320624.16.43",MindReanimationstechnikCS,MIND Reanimationstechnik,"Eingesetzte Reanimationstechnik gemäß MIND 7.1.","ValueSet/mind-reanimationstechnik-vs"
https://till-ko.github.io/de-ems/CodeSystem/mind-rosc-cs,0.1.0,active,"2.25.169126619167380341660016816424527320624.16.44",MindRoscCS,MIND ROSC,"Erreichen eines Spontankreislaufs gemäß MIND 7.1.","ValueSet/mind-rosc-vs"
https://till-ko.github.io/de-ems/CodeSystem/mind-schmerzerleben-cs,0.1.0,active,"2.25.169126619167380341660016816424527320624.16.45",MindSchmerzerlebenCS,MIND Schmerzerleben,"Schmerzerleben durch die Patientin oder den Patienten gemäß MIND 7.1.","ValueSet/mind-schmerzerleben-vs"
https://till-ko.github.io/de-ems/CodeSystem/mind-spezielle-devices-cs,0.1.0,active,"2.25.169126619167380341660016816424527320624.16.46",MindSpezielleDevicesCS,MIND Spezielle Devices,"Spezielle Devices gemäß MIND 7.1.","ValueSet/mind-spezielle-devices-vs"
https://till-ko.github.io/de-ems/CodeSystem/mind-spezielle-massnahme-cs,0.1.0,active,"2.25.169126619167380341660016816424527320624.16.47",MindSpezielleMassnahmeCS,MIND Spezielle Maßnahme,"Spezielle Maßnahmen gemäß MIND 7.1.","ValueSet/mind-spezielle-massnahme-vs"
https://till-ko.github.io/de-ems/CodeSystem/mind-unfallhergang-cs,0.1.0,active,"2.25.169126619167380341660016816424527320624.16.48",MindUnfallhergangCS,MIND Unfallhergang,"Unfallhergang gemäß MIND 7.1.","ValueSet/mind-unfallhergang-vs"
https://till-ko.github.io/de-ems/CodeSystem/mind-unfallmechanismus-cs,0.1.0,active,"2.25.169126619167380341660016816424527320624.16.49",MindUnfallmechanismusCS,MIND Unfallmechanismus,"Unfallmechanismus gemäß MIND 7.1.","ValueSet/mind-unfallmechanismus-vs"
https://till-ko.github.io/de-ems/CodeSystem/mind-unfallursache-cs,0.1.0,active,"2.25.169126619167380341660016816424527320624.16.50",MindUnfallursacheCS,MIND Unfallursache,"Unfallursache gemäß MIND 7.1.","ValueSet/mind-unfallursache-vs"
https://till-ko.github.io/de-ems/CodeSystem/mind-verletzungsmuster-cs,0.1.0,active,"2.25.169126619167380341660016816424527320624.16.51",MindVerletzungsmusterCS,MIND Verletzungsmuster,"Verletzungsmuster gemäß MIND 7.1.","ValueSet/mind-verletzungsmuster-vs"
https://till-ko.github.io/de-ems/CodeSystem/mind-zeitliche-dringlichkeit-cs,0.1.0,active,"2.25.169126619167380341660016816424527320624.16.52",MindZeitlicheDringlichkeitCS,MIND Zeitliche Dringlichkeit,"Zeitliche Dringlichkeit gemäß MIND 7.1.","ValueSet/mind-zeitliche-dringlichkeit-vs"
urn:iso:std:iso:3166-2:de,1.6.0,active,,CodeSystemISO31662DE,ISO-3166-2:de-Laendercodes,"Dieses CodeSystem enthält die ISO-3166-2:DE-Codes der deutschen Bundesländer. Es dient der standardisierten Kennzeichnung der Bundesländer im deutschen Kontext.","ValueSet/ValueSetISO31662DE"
