Source File	Size	loadResources	load	generateSnapshots	load-configure	scan	loadDepInfo	loadInfo	checkR4R4B	generateNarratives	validate	loadLists	checkConformanceResources	checkConformanceResources2	checkConformanceResources3	generateLogicalMaps	validateExpressions	scanForUsageStats	checkURLsUnique	processProvenanceDetails	translate	generate1	generate2	generateLogicals	makeDependencies	generateExampleZip	generateValidationPack	scanProfilesForR5	scanExamplesForR5
/fsh-generated/resources/ImplementationGuide-de.ems.mind.r4.json	54718	-	0	0	0	0	0	0	19	220	0	0	0	0	0	0	0	1	0	0	0	341	502	0	0	0	8	0	2
fsh-generated/resources/Bundle-mind-rd-dokument-example.json	12146	5	30	0	2	0	0	0	1	394	0	0	0	0	0	0	0	0	0	0	0	52	101	0	0	0	0	0	0
fsh-generated/resources/CodeSystem-mind-aerztliche-begleitung-cs.json	1035	2	0	0	0	0	0	0	1	10	0	0	0	0	0	0	0	0	0	0	0	17	64	0	0	0	0	0	0
fsh-generated/resources/CodeSystem-mind-aerztliche-qualifikation-cs.json	1468	1	0	0	0	0	0	0	0	6	0	0	0	0	0	0	0	1	0	0	0	18	52	0	0	0	0	0	0
fsh-generated/resources/CodeSystem-mind-airway-massnahme-cs.json	1259	0	0	0	0	0	0	0	0	2	0	0	0	0	0	0	0	0	0	0	0	106	48	0	0	0	1	0	0
fsh-generated/resources/CodeSystem-mind-atemunterstuetzung-cs.json	1116	1	0	0	0	0	0	0	0	1	0	0	0	0	0	0	0	0	0	0	0	11	57	0	0	0	0	0	0
fsh-generated/resources/CodeSystem-mind-atmung-cs.json	1332	1	0	0	0	0	0	0	1	7	0	0	0	0	0	0	0	0	0	0	0	65	44	0	0	0	0	0	0
fsh-generated/resources/CodeSystem-mind-beteiligtes-rettungsmittel-cs.json	1897	0	0	0	1	0	0	0	0	2	0	0	0	0	0	0	0	0	0	0	0	31	81	0	0	0	0	0	0
fsh-generated/resources/CodeSystem-mind-bewusstseinslage-cs.json	977	1	0	0	0	0	0	0	0	2	0	0	0	0	0	0	0	0	0	0	0	78	69	0	0	0	0	0	0
fsh-generated/resources/CodeSystem-mind-circulation-zugang-cs.json	937	0	0	0	0	0	0	0	0	1	0	0	0	0	0	0	0	0	0	0	0	10	62	0	0	0	0	0	0
fsh-generated/resources/CodeSystem-mind-diagnose-cs.json	11930	3	0	0	0	0	0	0	2	12	0	0	0	0	0	0	0	0	0	0	0	202	128	0	0	0	1	0	0
fsh-generated/resources/CodeSystem-mind-dokumentierendes-rettungsmittel-cs.json	1843	2	0	0	0	0	0	0	1	3	0	0	0	0	0	0	0	0	0	0	0	27	41	0	0	0	0	0	0
fsh-generated/resources/CodeSystem-mind-einsatzart-cs.json	1656	0	0	0	0	0	0	0	0	1	0	0	0	0	0	0	0	0	0	0	0	90	36	0	0	0	1	0	0
fsh-generated/resources/CodeSystem-mind-einsatzbesonderheit-cs.json	2289	1	0	0	0	0	0	0	0	2	0	0	0	0	0	0	0	0	0	0	0	14	37	0	0	0	0	0	0
fsh-generated/resources/CodeSystem-mind-einsatzort-typ-cs.json	1344	1	0	0	0	0	0	0	1	2	0	0	0	0	0	0	0	0	0	0	0	10	37	0	0	0	0	0	0
fsh-generated/resources/CodeSystem-mind-ekg-12-kanal-cs.json	833	0	0	0	0	0	0	0	0	1	0	0	0	0	0	0	0	0	0	0	0	35	35	0	0	0	0	0	0
fsh-generated/resources/CodeSystem-mind-ekg-befund-cs.json	1475	1	0	0	0	0	0	0	0	1	0	0	0	0	0	0	0	0	0	0	0	14	39	0	0	0	0	0	0
fsh-generated/resources/CodeSystem-mind-erste-defibrillation-durch-cs.json	1171	0	0	0	1	0	0	0	0	1	0	0	0	0	0	0	0	0	0	0	0	11	39	0	0	0	0	0	0
fsh-generated/resources/CodeSystem-mind-hautbefund-cs.json	1190	1	0	0	0	0	0	0	0	1	0	0	0	0	0	0	0	0	0	0	0	13	33	0	0	0	0	0	0
fsh-generated/resources/CodeSystem-mind-heilkundliche-massnahme-cs.json	783	0	0	0	0	0	0	0	1	1	0	0	0	0	0	0	0	0	0	0	0	56	33	0	0	0	1	0	0
fsh-generated/resources/CodeSystem-mind-herzdruckmassage-durch-cs.json	1164	1	0	0	0	0	0	0	0	1	0	0	0	0	0	0	0	0	0	0	0	12	33	0	0	0	0	0	0
fsh-generated/resources/CodeSystem-mind-indikation-intensivtransport-cs.json	930	0	0	0	0	0	0	0	0	1	0	0	0	0	0	0	0	0	0	0	0	12	29	0	0	0	0	0	0
fsh-generated/resources/CodeSystem-mind-kein-transport-mit-patient-cs.json	1828	1	0	0	0	0	0	0	0	1	0	0	0	0	0	0	0	0	0	0	0	22	34	0	0	0	0	0	0
fsh-generated/resources/CodeSystem-mind-kein-transport-ohne-patient-cs.json	1393	1	0	0	0	0	0	0	0	2	0	0	0	0	0	0	0	0	0	0	0	10	30	0	0	0	0	0	0
fsh-generated/resources/CodeSystem-mind-kollaps-beobachtet-durch-cs.json	1129	0	0	0	0	0	0	0	0	1	0	0	0	0	0	0	0	0	0	0	0	10	33	0	0	0	0	0	0
fsh-generated/resources/CodeSystem-mind-krankenhausaufnahme-zustand-cs.json	796	1	0	0	0	0	0	0	1	1	0	0	0	0	0	0	0	0	0	0	0	27	29	0	0	0	0	0	0
fsh-generated/resources/CodeSystem-mind-kreislaufstillstandursache-cs.json	1529	1	0	0	0	0	0	0	0	2	0	0	0	0	0	0	0	0	0	0	0	13	31	0	0	0	0	0	0
fsh-generated/resources/CodeSystem-mind-lagerungs-rettungstechnik-cs.json	1540	0	0	0	0	0	0	0	0	1	0	0	0	0	0	0	0	0	0	0	0	14	33	0	0	0	1	0	0
fsh-generated/resources/CodeSystem-mind-lichtreaktion-cs.json	903	1	0	0	0	0	0	0	0	2	0	0	0	0	0	0	0	0	0	0	0	12	31	0	0	0	0	0	0
fsh-generated/resources/CodeSystem-mind-medikamentengabe-cs.json	41477	8	0	0	1	0	0	0	5	56	0	0	1	0	0	0	0	1	0	0	0	159	171	0	0	0	4	0	1
fsh-generated/resources/CodeSystem-mind-medizintechnik-cs.json	1115	1	0	0	0	0	0	0	0	6	0	0	0	0	0	0	0	0	0	0	0	45	29	0	0	0	0	0	0
fsh-generated/resources/CodeSystem-mind-mnaca-score-cs.json	943	1	0	0	0	0	0	0	0	5	0	0	0	0	0	0	0	0	0	0	0	10	28	0	0	0	1	0	0
fsh-generated/resources/CodeSystem-mind-naca-score-cs.json	998	1	0	0	0	0	0	0	0	5	0	0	0	0	0	0	0	0	0	0	0	11	27	0	0	0	0	0	0
fsh-generated/resources/CodeSystem-mind-neurologische-auffaelligkeit-cs.json	1983	0	0	0	0	0	0	0	1	2	0	0	0	0	0	0	0	0	0	0	0	49	34	0	0	0	3	0	0
fsh-generated/resources/CodeSystem-mind-neurologische-auffaelligkeit-verlauf-cs.json	2037	1	0	0	0	0	0	0	0	6	0	0	0	0	0	0	0	0	0	0	0	11	30	0	0	0	1	0	0
fsh-generated/resources/CodeSystem-mind-observationstyp-cs.json	3041	1	0	0	0	0	0	0	0	3	0	0	0	0	0	0	0	0	0	0	0	15	28	0	0	0	0	0	0
fsh-generated/resources/CodeSystem-mind-ort-patientenuebergabe-cs.json	1525	1	0	0	0	0	0	0	1	8	0	0	0	0	0	0	0	0	0	0	0	10	27	0	0	0	0	0	0
fsh-generated/resources/CodeSystem-mind-personalstatus-cs.json	942	0	0	0	0	0	0	0	0	5	0	0	0	0	0	0	0	0	0	0	0	9	26	0	0	0	0	0	0
fsh-generated/resources/CodeSystem-mind-pre-emergency-status-cs.json	1084	1	0	0	0	0	0	0	0	2	0	0	0	0	0	0	0	0	0	0	0	8	27	0	0	0	1	0	0
fsh-generated/resources/CodeSystem-mind-protokolltyp-cs.json	1047	0	0	0	0	0	0	0	0	2	0	0	0	0	0	0	0	0	0	0	0	8	27	0	0	0	0	0	0
fsh-generated/resources/CodeSystem-mind-psychischer-zustand-cs.json	1334	1	0	0	0	0	0	0	0	1	0	0	0	0	0	0	0	0	0	0	0	10	28	0	0	0	0	0	0
fsh-generated/resources/CodeSystem-mind-pupillenweite-cs.json	947	1	0	0	1	0	0	0	0	1	0	0	0	0	0	0	0	0	0	0	0	8	26	0	0	0	0	0	0
fsh-generated/resources/CodeSystem-mind-rd-transport-cs.json	1255	0	0	0	0	0	0	0	1	1	0	0	0	0	0	0	0	0	0	0	0	8	27	0	0	0	0	0	0
fsh-generated/resources/CodeSystem-mind-reanimationssituation-cs.json	1456	1	0	0	0	0	0	0	0	1	0	0	0	0	0	0	0	0	0	0	0	26	27	0	0	0	1	0	0
fsh-generated/resources/CodeSystem-mind-reanimationstechnik-cs.json	822	0	0	0	0	0	0	0	0	1	0	0	0	0	0	0	0	0	0	0	0	8	26	0	0	0	0	0	0
fsh-generated/resources/CodeSystem-mind-rosc-cs.json	529	1	0	0	0	0	0	0	0	1	0	0	0	0	0	0	0	0	0	0	0	7	22	0	0	0	0	0	0
fsh-generated/resources/CodeSystem-mind-schmerzerleben-cs.json	590	0	0	0	0	0	0	0	0	1	0	0	0	0	0	0	0	0	0	0	0	25	23	0	0	0	0	0	0
fsh-generated/resources/CodeSystem-mind-spezielle-devices-cs.json	833	1	0	0	0	0	0	0	0	1	0	0	0	0	0	0	0	0	0	0	0	177	24	0	0	0	0	0	0
fsh-generated/resources/CodeSystem-mind-spezielle-massnahme-cs.json	1491	0	0	0	0	0	0	0	0	1	0	0	0	0	0	0	0	0	0	0	0	10	26	0	0	0	0	0	0
fsh-generated/resources/CodeSystem-mind-unfallhergang-cs.json	2037	1	0	0	0	0	0	0	1	1	0	0	0	0	0	0	0	0	0	0	0	11	28	0	0	0	1	0	0
fsh-generated/resources/CodeSystem-mind-unfallmechanismus-cs.json	689	1	0	0	0	0	0	0	0	1	0	0	0	0	0	0	0	0	0	0	0	7	21	0	0	0	0	0	0
fsh-generated/resources/CodeSystem-mind-unfallursache-cs.json	703	0	0	0	0	0	0	0	0	0	0	0	0	0	0	0	0	0	0	0	0	164	23	0	0	0	0	0	0
fsh-generated/resources/CodeSystem-mind-verletzungsmuster-cs.json	655	1	0	0	0	0	0	0	0	1	0	0	0	0	0	0	0	0	0	0	0	8	23	0	0	0	0	0	0
fsh-generated/resources/CodeSystem-mind-zeitliche-dringlichkeit-cs.json	758	0	0	0	0	0	0	0	0	1	0	0	0	0	0	0	0	0	0	0	0	8	25	0	0	0	0	0	0
fsh-generated/resources/Composition-mind-composition-example.json	870	1	0	0	0	0	0	0	0	2	0	0	0	0	0	0	0	0	0	0	0	7	11	0	0	0	0	0	0
fsh-generated/resources/ConceptMap-mind-observationstyp-2-ivr.json	3852	1	0	0	0	0	0	0	1	3195	0	0	0	0	0	0	0	0	0	0	0	13	28	0	0	0	1	0	0
fsh-generated/resources/Encounter-mind-encounter-example.json	1550	1	0	0	0	0	0	0	0	2	0	0	0	0	0	0	0	0	0	0	0	10	11	0	0	0	0	0	0
fsh-generated/resources/Location-mind-location-example.json	1058	0	0	0	0	0	0	0	0	1	0	0	0	0	0	0	0	0	0	0	0	7	7	0	0	0	0	0	0
fsh-generated/resources/NamingSystem-MindAuftragNrNamingSystem.json	489	1	9	0	0	0	0	0	0	15	44	0	0	0	0	0	0	0	0	0	0	7	8	0	0	0	0	0	0
fsh-generated/resources/NamingSystem-MindEinsatznrNamingSystem.json	488	0	2	0	0	0	0	0	0	1	8	0	0	0	0	0	0	0	0	0	0	8	8	0	0	0	0	0	0
fsh-generated/resources/NamingSystem-MindLeitstelleNamingSystem.json	587	0	2	0	0	0	0	0	0	1	7	0	0	0	0	0	0	0	0	0	0	273	9	0	0	0	0	0	0
fsh-generated/resources/NamingSystem-MindPatNrNamingSystem.json	472	1	1	0	0	0	0	0	0	1	6	0	0	0	0	0	0	0	0	0	0	7	9	0	0	0	0	0	0
fsh-generated/resources/NamingSystem-MindPrimaerschluesselNamingSystem.json	596	0	1	0	2	0	0	0	0	1	7	0	0	0	0	0	0	0	0	0	0	8	7	0	0	0	0	0	0
fsh-generated/resources/NamingSystem-MindProjektIdNamingSystem.json	526	0	1	0	0	0	0	0	0	1	6	0	0	0	0	0	0	0	0	0	0	9	8	0	0	0	1	0	0
fsh-generated/resources/NamingSystem-MindStandortkennungNamingSystem.json	780	1	1	0	0	0	0	0	0	1	7	0	0	0	0	0	0	0	0	0	0	8	8	0	0	0	0	0	0
fsh-generated/resources/Observation-mind-alter-example.json	1098	0	0	0	0	0	0	0	0	3	0	0	0	0	0	0	0	0	0	0	0	8	10	0	0	0	0	0	0
fsh-generated/resources/Observation-mind-altersvaliditaet-example.json	638	1	0	0	0	0	0	0	1	1	0	0	0	0	0	0	0	0	0	0	0	6	8	0	0	0	0	0	0
fsh-generated/resources/Observation-mind-altersvaliditaet-undokumentiert-example.json	801	0	0	0	0	0	0	0	0	3	0	0	0	0	0	0	0	0	0	0	0	7	9	0	0	0	0	0	0
fsh-generated/resources/Observation-mind-notarzt-nachgefordert-example.json	653	1	0	0	0	0	0	0	0	1	0	0	0	0	0	0	0	0	0	0	0	6	8	0	0	0	0	0	0
fsh-generated/resources/Observation-mind-rdtransport-example.json	778	0	0	0	0	0	0	0	0	1	0	0	0	0	0	0	0	0	0	0	0	191	8	0	0	0	0	0	0
fsh-generated/resources/Observation-mind-zeit-alarm-example.json	643	1	0	0	1	0	1	0	0	1	0	0	0	0	0	0	0	0	0	0	0	8	9	0	0	0	0	0	0
fsh-generated/resources/Observation-mind-zeit-einsatzende-example.json	661	0	0	0	0	0	0	0	0	2	0	0	0	0	0	0	0	0	0	0	0	9	7	0	0	0	0	0	0
fsh-generated/resources/Patient-divi-patient-example.json	642	1	0	0	0	0	0	0	0	0	0	0	0	0	0	0	0	0	0	0	0	8	6	0	0	0	0	0	0
fsh-generated/resources/Patient-mind-patient-example.json	210	0	0	0	0	0	0	0	0	0	0	0	0	0	0	0	0	0	0	0	0	7	4	0	0	0	0	0	0
fsh-generated/resources/Practitioner-mind-practitioner-example.json	181	0	0	0	0	0	0	0	0	1	0	0	0	0	0	0	0	0	0	0	0	7	4	0	0	1	0	0	0
fsh-generated/resources/StructureDefinition-bundle-de-ems-mind-r4.json	990	1	0	32	0	0	0	0	0	798	0	0	0	0	0	0	0	1	0	0	0	153	701	0	0	0	4	0	1
fsh-generated/resources/StructureDefinition-composition-de-ems-mind-r4.json	3749	1	0	36	0	0	0	0	1	22	0	0	0	0	0	0	0	1	0	0	0	244	461	0	0	0	6	2	0
fsh-generated/resources/StructureDefinition-encounter-de-ems-divi-r4.json	6154	1	0	49	0	0	0	0	0	29	0	0	0	0	0	0	0	2	0	0	0	254	559	0	0	0	6	0	1
fsh-generated/resources/StructureDefinition-encounter-de-ems-mind-r4.json	3532	1	0	45	0	0	0	0	0	22	0	0	1	0	0	0	0	2	0	0	0	261	436	0	0	0	8	0	1
fsh-generated/resources/StructureDefinition-location-de-ems-divi-r4.json	3367	1	0	49	0	0	0	0	0	21	0	0	0	0	0	0	0	1	0	0	0	174	548	0	0	0	6	0	1
fsh-generated/resources/StructureDefinition-location-de-ems-mind-r4.json	867	0	0	26	0	0	0	0	0	15	0	0	0	0	0	0	0	2	0	0	0	190	413	0	0	0	5	0	1
fsh-generated/resources/StructureDefinition-mind-einsatzort-typ.json	1443	1	0	4	0	0	0	0	0	5	0	0	0	0	0	0	0	0	0	0	0	40	170	0	0	0	0	0	0
fsh-generated/resources/StructureDefinition-mind-softwarekennung.json	1859	1	0	4	0	0	0	0	0	5	0	0	0	0	0	0	0	0	0	0	0	26	99	0	0	0	1	1	0
fsh-generated/resources/StructureDefinition-observation-de-ems-base.json	1108	0	0	25	0	0	0	0	0	10	0	0	0	0	0	0	0	1	0	0	0	114	265	0	0	0	4	0	1
fsh-generated/resources/StructureDefinition-observation-de-ems-mind-aerztliche-begleitung.json	1299	1	0	43	0	0	0	0	0	15	0	0	0	0	0	0	0	1	0	0	0	245	495	0	0	0	4	0	0
fsh-generated/resources/StructureDefinition-observation-de-ems-mind-aerztliche-qualifikation.json	1386	0	0	19	0	0	0	0	0	13	0	0	0	0	0	0	0	1	0	0	0	171	296	0	0	0	6	0	1
fsh-generated/resources/StructureDefinition-observation-de-ems-mind-alter.json	6590	2	0	35	0	0	0	0	0	73	0	0	0	0	0	0	0	1	0	0	0	443	350	0	1	0	9	0	1
fsh-generated/resources/StructureDefinition-observation-de-ems-mind-altersvaliditaet.json	3604	0	0	23	0	0	0	0	0	16	0	0	0	0	0	0	0	1	0	0	0	376	231	0	0	0	5	0	0
fsh-generated/resources/StructureDefinition-observation-de-ems-mind-beteiligte-rettungsmittel.json	1312	1	0	20	1	0	0	1	0	12	0	0	0	0	0	0	0	1	0	0	0	169	225	0	0	0	4	1	1
fsh-generated/resources/StructureDefinition-observation-de-ems-mind-dokumentierendes-rettungsmittel.json	1337	1	0	58	0	0	0	0	0	11	0	0	0	0	0	0	0	0	0	0	0	154	416	0	0	0	5	0	1
fsh-generated/resources/StructureDefinition-observation-de-ems-mind-kein-transport-mit-patient.json	1283	0	0	16	0	0	0	0	0	11	0	0	1	0	0	0	0	1	0	0	0	137	342	0	0	0	4	0	0
fsh-generated/resources/StructureDefinition-observation-de-ems-mind-kein-transport-ohne-patient.json	1302	1	0	17	0	0	0	0	0	12	0	0	0	0	0	0	0	0	0	0	0	138	354	0	0	0	5	0	1
fsh-generated/resources/StructureDefinition-observation-de-ems-mind-notarzt-nachgefordert.json	1180	0	0	17	0	0	0	0	0	11	0	0	0	0	0	0	0	1	0	0	0	138	277	0	0	0	5	0	0
fsh-generated/resources/StructureDefinition-observation-de-ems-mind-personalstatus.json	1240	0	0	16	0	0	0	0	0	11	0	0	0	0	0	0	0	0	0	0	0	187	225	0	0	0	4	0	1
fsh-generated/resources/StructureDefinition-observation-de-ems-mind-rd-transport.json	1275	1	0	16	0	0	0	0	0	10	0	0	0	0	0	0	0	1	0	0	0	138	298	0	0	0	5	0	1
fsh-generated/resources/StructureDefinition-observation-de-ems-mind-symptombeginn-gesichert.json	1141	0	0	16	0	0	0	0	0	11	0	0	0	0	0	0	0	1	0	0	0	139	215	0	0	0	5	1	0
fsh-generated/resources/StructureDefinition-observation-de-ems-mind-symptombeginn-vor-24h.json	1235	1	0	16	0	0	0	0	0	10	0	0	0	0	0	0	0	0	0	0	0	143	214	0	0	0	6	0	1
fsh-generated/resources/StructureDefinition-observation-de-ems-mind-symptombeginn.json	1094	0	0	16	0	0	0	0	0	10	0	0	0	0	0	0	0	1	0	0	0	137	211	0	0	0	5	0	0
fsh-generated/resources/StructureDefinition-observation-de-ems-mind-tna-nachgefordert.json	1096	1	0	16	0	0	0	0	0	10	0	0	0	0	0	0	0	0	0	0	0	688	203	0	0	0	4	0	1
fsh-generated/resources/StructureDefinition-observation-de-ems-mind-zeit-alarm.json	951	0	0	16	0	0	0	0	0	10	0	0	0	0	0	0	0	1	0	0	0	430	270	0	0	0	7	0	1
fsh-generated/resources/StructureDefinition-observation-de-ems-mind-zeit-ankunft-einsatzort.json	1054	1	0	15	0	0	0	0	0	10	0	0	0	0	0	0	0	1	0	0	0	318	217	0	0	0	5	1	0
fsh-generated/resources/StructureDefinition-observation-de-ems-mind-zeit-ankunft-patient.json	1093	0	0	17	0	0	0	0	0	10	0	0	0	0	0	0	0	0	0	0	0	162	308	0	0	0	6	0	1
fsh-generated/resources/StructureDefinition-observation-de-ems-mind-zeit-ausruecken.json	1009	1	0	17	0	0	0	0	0	10	0	0	0	0	0	0	0	1	0	0	0	377	276	0	0	0	10	0	0
fsh-generated/resources/StructureDefinition-observation-de-ems-mind-zeit-einsatzende.json	1093	0	0	22	0	0	0	0	0	13	0	0	0	0	0	0	0	0	0	0	0	137	224	0	0	0	5	1	1
fsh-generated/resources/StructureDefinition-observation-de-ems-mind-zeit-eintreffen-transportziel.json	1068	0	0	19	0	0	0	0	0	14	0	0	1	0	0	0	0	1	0	0	0	386	212	0	0	0	5	0	1
fsh-generated/resources/StructureDefinition-observation-de-ems-mind-zeit-notfallmeldung.json	1049	1	0	17	0	0	0	0	0	10	0	0	0	0	0	0	0	1	0	0	0	281	265	0	0	0	5	0	0
fsh-generated/resources/StructureDefinition-observation-de-ems-mind-zeit-transportbeginn.json	1011	0	0	16	0	0	0	0	0	14	0	0	0	0	0	0	0	0	0	0	0	252	206	0	0	0	4	0	1
fsh-generated/resources/StructureDefinition-observation-de-ems-mind-zeit-uebergabe-patient.json	1032	1	0	17	0	0	0	0	0	9	0	0	0	0	0	0	0	1	0	0	0	359	243	0	0	0	5	0	0
fsh-generated/resources/StructureDefinition-observation-de-ems-mind.json	3786	1	0	0	0	0	0	0	0	22	0	0	0	0	0	0	0	0	0	0	0	195	287	0	0	0	4	0	1
fsh-generated/resources/StructureDefinition-patient-de-ems-divi-r4.json	3118	0	0	25	0	0	0	0	0	21	0	0	0	0	0	0	0	1	0	0	0	140	286	0	0	0	5	0	0
fsh-generated/resources/StructureDefinition-patient-de-ems-mind-r4.json	1308	1	0	14	0	0	0	0	0	17	0	0	0	0	0	0	0	0	0	0	0	120	236	0	0	0	3	1	1
fsh-generated/resources/ValueSet-mind-aerztliche-begleitung-vs.json	548	0	0	0	0	0	0	0	0	22	0	0	0	0	0	0	0	0	0	0	0	9	53	0	0	0	1	0	0
fsh-generated/resources/ValueSet-mind-aerztliche-qualifikation-vs.json	594	1	0	0	0	0	0	0	0	2	0	0	0	0	0	0	0	0	0	0	0	7	63	0	0	0	0	0	0
fsh-generated/resources/ValueSet-mind-airway-massnahme-vs.json	517	0	0	0	0	0	0	0	1	1	0	0	0	0	0	0	0	0	0	0	0	7	31	0	0	0	0	0	0
fsh-generated/resources/ValueSet-mind-atemunterstuetzung-vs.json	526	0	0	0	0	0	0	0	0	1	0	0	0	0	0	0	0	0	0	0	0	6	31	0	0	0	0	0	0
fsh-generated/resources/ValueSet-mind-atmung-vs.json	467	1	0	0	0	0	0	0	0	1	0	0	0	0	0	0	0	0	0	0	0	6	32	0	0	0	0	0	0
fsh-generated/resources/ValueSet-mind-beteiligtes-rettungsmittel-vs.json	581	0	0	0	1	0	0	0	0	1	0	0	0	0	0	0	0	0	0	0	0	6	33	0	0	0	0	0	0
fsh-generated/resources/ValueSet-mind-bewusstseinslage-vs.json	501	0	0	0	0	0	0	0	0	0	0	0	0	0	0	0	0	0	0	0	0	7	31	0	0	0	0	0	0
fsh-generated/resources/ValueSet-mind-circulation-zugang-vs.json	523	1	0	0	0	0	0	0	0	1	0	0	0	0	0	0	0	0	0	0	0	6	33	0	0	0	0	0	0
fsh-generated/resources/ValueSet-mind-diagnose-vs.json	455	0	0	0	0	0	0	0	0	1	0	0	0	0	0	0	0	0	0	0	0	8	50	0	0	0	0	0	0
fsh-generated/resources/ValueSet-mind-dokumentierendes-rettungsmittel-vs.json	599	0	0	0	0	0	0	0	0	0	0	0	0	0	0	0	0	0	0	0	0	7	34	0	0	0	0	0	0
fsh-generated/resources/ValueSet-mind-einsatzart-na-vs.json	925	1	0	0	0	0	0	0	0	10	0	0	0	0	0	0	0	0	0	0	0	9	37	0	0	0	0	0	0
fsh-generated/resources/ValueSet-mind-einsatzart-rd-vs.json	544	0	0	0	0	0	0	0	0	1	0	0	0	0	0	0	0	0	0	0	0	7	29	0	0	0	1	0	0
fsh-generated/resources/ValueSet-mind-einsatzart-vs.json	525	0	0	0	0	0	0	0	0	1	0	0	0	0	0	0	0	0	0	0	0	6	28	0	0	0	0	0	0
fsh-generated/resources/ValueSet-mind-einsatzbesonderheit-vs.json	521	1	0	0	0	0	0	0	0	1	0	0	0	0	0	0	0	0	0	0	0	6	30	0	0	0	0	0	0
fsh-generated/resources/ValueSet-mind-einsatzort-typ-vs.json	546	0	0	0	0	0	0	0	1	0	0	0	0	0	0	0	0	0	0	0	0	5	30	0	0	0	0	0	0
fsh-generated/resources/ValueSet-mind-ekg-12-kanal-vs.json	495	0	0	0	0	0	0	0	0	1	0	0	0	0	0	0	0	0	0	0	0	5	28	0	0	0	0	0	0
fsh-generated/resources/ValueSet-mind-ekg-befund-vs.json	464	2	0	0	0	0	0	0	0	1	0	0	0	0	0	0	0	0	0	0	0	87	34	0	0	0	0	0	0
fsh-generated/resources/ValueSet-mind-erste-defibrillation-durch-vs.json	601	0	0	0	0	0	0	0	0	0	0	0	0	0	0	0	0	0	0	0	0	8	35	0	0	0	0	0	0
fsh-generated/resources/ValueSet-mind-hautbefund-vs.json	466	0	0	0	0	0	0	0	0	1	0	0	0	0	0	0	0	0	0	0	0	11	40	0	0	0	0	0	0
fsh-generated/resources/ValueSet-mind-heilkundliche-massnahme-vs.json	597	1	0	0	0	0	0	0	0	1	0	0	0	0	0	0	0	0	0	0	0	7	29	0	0	0	0	0	0
fsh-generated/resources/ValueSet-mind-herzdruckmassage-durch-vs.json	577	0	0	0	0	0	0	0	0	0	0	0	0	0	0	0	0	0	0	0	0	6	27	0	0	0	0	0	0
fsh-generated/resources/ValueSet-mind-indikation-intensivtransport-vs.json	583	0	0	0	0	0	0	0	0	1	0	0	0	0	0	0	0	0	0	0	0	6	26	0	0	0	0	0	0
fsh-generated/resources/ValueSet-mind-infusionsgabe-vs.json	1676	1	0	0	0	0	0	0	0	5	0	0	0	0	0	0	0	0	0	0	0	11	35	0	0	0	0	0	0
fsh-generated/resources/ValueSet-mind-kein-transport-mit-patient-vs.json	603	0	0	0	0	0	0	0	0	1	0	0	0	0	0	0	0	0	0	0	0	9	28	0	0	0	1	0	0
fsh-generated/resources/ValueSet-mind-kein-transport-ohne-patient-vs.json	611	1	0	0	0	0	0	0	0	1	0	0	0	0	0	0	0	0	0	0	0	6	28	0	0	0	0	0	0
fsh-generated/resources/ValueSet-mind-kollaps-beobachtet-durch-vs.json	575	0	0	0	0	0	0	0	1	1	0	0	0	0	0	0	0	0	0	0	0	7	33	0	0	0	0	0	0
fsh-generated/resources/ValueSet-mind-krankenhausaufnahme-zustand-vs.json	578	0	0	0	0	0	0	0	0	0	0	0	0	0	0	0	0	0	0	0	0	6	29	0	0	0	0	0	0
fsh-generated/resources/ValueSet-mind-kreislaufstillstandursache-vs.json	577	1	0	0	0	0	0	0	0	1	0	0	0	0	0	0	0	0	0	0	0	6	27	0	0	0	0	0	0
fsh-generated/resources/ValueSet-mind-lagerungs-rettungstechnik-vs.json	576	0	0	0	0	0	0	0	0	0	0	0	0	0	0	0	0	0	0	0	0	6	26	0	0	0	0	0	0
fsh-generated/resources/ValueSet-mind-lichtreaktion-vs.json	496	0	0	0	0	0	0	0	0	1	0	0	0	0	0	0	0	0	0	0	0	6	25	0	0	0	0	0	0
fsh-generated/resources/ValueSet-mind-medikamentengabe-vs.json	574	1	0	0	0	0	0	0	0	1	0	0	0	0	0	0	0	0	0	0	0	6	146	0	0	0	0	0	0
fsh-generated/resources/ValueSet-mind-medizintechnik-vs.json	501	0	0	0	0	0	0	0	0	0	0	0	0	0	0	0	0	0	0	0	0	6	25	0	0	0	0	0	0
fsh-generated/resources/ValueSet-mind-mnaca-score-vs.json	472	0	0	0	0	0	0	0	0	1	0	0	0	0	0	0	0	0	0	0	0	6	24	0	0	0	0	0	0
fsh-generated/resources/ValueSet-mind-naca-score-vs.json	464	1	0	0	0	0	0	0	0	1	0	0	0	0	0	0	0	0	0	0	0	7	23	0	0	0	0	0	0
fsh-generated/resources/ValueSet-mind-neurologische-auffaelligkeit-verlauf-vs.json	651	0	0	0	0	0	0	0	0	0	0	0	0	0	0	0	0	0	0	0	0	6	24	0	0	0	0	0	0
fsh-generated/resources/ValueSet-mind-neurologische-auffaelligkeit-vs.json	591	0	0	0	0	0	0	0	0	1	0	0	0	0	0	0	0	0	0	0	0	6	27	0	0	0	0	0	0
fsh-generated/resources/ValueSet-mind-observationstyp-vs.json	533	1	0	0	1	0	0	0	0	0	0	0	0	0	0	0	0	0	0	0	0	6	25	0	0	0	1	0	0
fsh-generated/resources/ValueSet-mind-ort-patientenuebergabe-vs.json	544	0	0	0	0	0	0	0	1	1	0	0	0	0	0	0	0	0	0	0	0	7	25	0	0	0	0	0	0
fsh-generated/resources/ValueSet-mind-personalstatus-vs.json	518	0	0	0	0	0	0	0	0	1	0	0	0	0	0	0	0	0	0	0	0	6	23	0	0	0	0	0	0
fsh-generated/resources/ValueSet-mind-pre-emergency-status-vs.json	549	1	0	0	0	0	0	0	0	0	0	0	0	0	0	0	0	0	0	0	0	7	23	0	0	0	0	0	0
fsh-generated/resources/ValueSet-mind-protokolltyp-vs.json	518	0	0	0	0	0	0	0	0	1	0	0	0	0	0	0	0	0	0	0	0	8	23	0	0	0	0	0	0
fsh-generated/resources/ValueSet-mind-psychischer-zustand-vs.json	518	0	0	0	0	0	0	0	0	0	0	0	0	0	0	0	0	0	0	0	0	7	24	0	0	0	0	0	0
fsh-generated/resources/ValueSet-mind-pupillenweite-vs.json	483	1	0	0	0	0	0	0	0	1	0	0	0	0	0	0	0	0	0	0	0	6	27	0	0	0	0	0	0
fsh-generated/resources/ValueSet-mind-rd-transport-vs.json	512	0	0	0	0	0	0	0	0	1	0	0	0	0	0	0	0	0	0	0	0	7	25	0	0	0	0	0	0
fsh-generated/resources/ValueSet-mind-reanimationssituation-vs.json	610	0	0	0	0	0	0	0	0	0	0	0	0	0	0	0	0	0	0	0	0	11	27	0	0	0	0	0	0
fsh-generated/resources/ValueSet-mind-reanimationstechnik-vs.json	531	1	0	0	0	0	0	0	0	1	0	0	0	0	0	0	0	0	0	0	0	7	24	0	0	0	0	0	0
fsh-generated/resources/ValueSet-mind-rosc-vs.json	465	0	0	0	0	0	0	0	0	1	0	0	0	0	0	0	0	0	0	0	0	7	24	0	0	0	0	0	0
fsh-generated/resources/ValueSet-mind-schmerzerleben-vs.json	528	1	0	0	0	0	0	0	0	0	0	0	0	0	0	0	0	0	0	0	0	7	26	0	0	0	0	0	0
fsh-generated/resources/ValueSet-mind-spezielle-devices-vs.json	506	0	0	0	0	0	0	0	0	1	0	0	0	0	0	0	0	0	0	0	0	8	25	0	0	0	0	0	0
fsh-generated/resources/ValueSet-mind-spezielle-massnahme-vs.json	519	0	0	0	0	0	0	0	1	0	0	0	0	0	0	0	0	0	0	0	0	7	28	0	0	0	0	0	0
fsh-generated/resources/ValueSet-mind-unfallhergang-vs.json	483	1	0	0	0	0	0	0	0	1	0	0	0	0	0	0	0	0	0	0	0	6	30	0	0	0	0	0	0
fsh-generated/resources/ValueSet-mind-unfallmechanismus-vs.json	507	0	0	0	0	0	0	0	0	1	0	0	0	0	0	0	0	0	0	0	0	6	23	0	0	0	0	0	0
fsh-generated/resources/ValueSet-mind-unfallursache-vs.json	483	0	0	0	0	0	0	0	0	0	0	0	0	0	0	0	0	1	0	0	0	6	24	0	0	0	0	0	0
fsh-generated/resources/ValueSet-mind-verletzungsmuster-vs.json	507	1	0	0	0	0	0	0	0	1	0	0	0	0	0	0	0	0	0	0	0	8	24	0	0	0	0	0	0
fsh-generated/resources/ValueSet-mind-zeitliche-dringlichkeit-vs.json	542	0	0	0	0	0	0	0	0	0	0	0	0	0	0	0	0	0	0	0	0	6	24	0	0	0	0	0	0
/fsh-generated/includes/fsh-link-references.md	12571	-	-	-	0	0	0	0	0	0	0	0	0	0	0	0	0	0	0	0	0	0	2	0	0	0	0	0	0
/fsh-generated/includes/menu.xml	1043	-	-	-	0	0	0	0	0	0	0	0	0	0	0	0	0	0	0	0	0	0	0	0	0	0	0	0	0
/input/pagecontent/index.md	76	-	-	-	0	0	0	0	0	0	0	0	0	0	0	0	0	0	0	0	0	0	0	0	0	0	0	0	0
/template/config	0	-	-	-	0	0	0	0	0	0	0	0	0	0	0	0	0	0	0	0	0	0	0	0	0	0	0	0	0
/template/config/_config.yml	140	-	-	-	0	0	0	0	0	0	0	0	0	0	0	0	0	0	0	0	0	0	1	0	0	0	0	0	0
/temp/pages/_includes/artifacts.xml	216	-	-	-	-	-	-	-	-	-	-	-	-	-	-	-	-	-	-	-	-	-	0	0	0	0	0	0	0
/temp/pages/_includes/fragment-artifacts-table.html	3443	-	-	-	-	-	-	-	-	-	-	-	-	-	-	-	-	-	-	-	-	-	0	0	0	0	0	0	0
