URL,Version,Status,OIDs,Name,Title,Description,Uses,Used,Sources
http://fhir.de/ValueSet/iso/bundeslaender,1.6.0,active,,ValueSetISO31662DE,ISO-3166-2:de-Laendercodes,"Dieses ValueSet enthält die ISO-3166-2:DE-Codes der deutschen Bundesländer.","StructureDefinition/location-de-ems-mind-r4,StructureDefinition/location-de-ems-divi-r4","de.basisprofil.r4"
http://hl7.org/fhir/ValueSet/address-type,4.0.1,active,"2.16.840.1.113883.4.642.3.69",AddressType,AddressType,"The type of an address (physical / postal).","StructureDefinition/location-de-ems-mind-r4,StructureDefinition/location-de-ems-divi-r4","hl7.fhir.r4.core"
http://hl7.org/fhir/ValueSet/address-use,4.0.1,active,"2.16.840.1.113883.4.642.3.67",AddressUse,AddressUse,"The use of an address.","StructureDefinition/location-de-ems-mind-r4,StructureDefinition/location-de-ems-divi-r4","hl7.fhir.r4.core"
http://hl7.org/fhir/ValueSet/administrative-gender,4.0.1,active,"2.16.840.1.113883.4.642.3.1",AdministrativeGender,AdministrativeGender,"The gender of a person used for administrative purposes.","StructureDefinition/patient-de-ems-divi-r4,StructureDefinition/patient-de-ems-mind-r4","hl7.fhir.r4.core"
http://hl7.org/fhir/ValueSet/body-site,4.0.1,draft,"2.16.840.1.113883.4.642.3.141",SNOMEDCTBodyStructures,SNOMED CT Body Structures,"This value set includes all codes from [SNOMED CT](http://snomed.info/sct) where concept is-a 442083009 (Anatomical or acquired body site (body structure)).","StructureDefinition/observation-de-ems-mind-personalstatus,StructureDefinition/observation-de-ems-mind-beteiligte-rettungsmittel,StructureDefinition/observation-de-ems-mind-zeit-uebergabe-patient,StructureDefinition/observation-de-ems-mind-symptombeginn-vor-24h,StructureDefinition/observation-de-ems-mind-zeit-ankunft-einsatzort,StructureDefinition/observation-de-ems-mind-rd-transport,StructureDefinition/observation-de-ems-mind-dokumentierendes-rettungsmittel,StructureDefinition/observation-de-ems-mind-alter,StructureDefinition/observation-de-ems-mind-symptombeginn-gesichert,StructureDefinition/observation-de-ems-mind-zeit-eintreffen-transportziel,StructureDefinition/observation-de-ems-mind-zeit-notfallmeldung,StructureDefinition/observation-de-ems-mind-aerztliche-qualifikation,StructureDefinition/observation-de-ems-mind-tna-nachgefordert,StructureDefinition/observation-de-ems-mind-altersvaliditaet,StructureDefinition/observation-de-ems-base,StructureDefinition/observation-de-ems-mind-kein-transport-mit-patient,StructureDefinition/observation-de-ems-mind-zeit-einsatzende,StructureDefinition/observation-de-ems-mind-zeit-ausruecken,StructureDefinition/observation-de-ems-mind-zeit-alarm,StructureDefinition/observation-de-ems-mind,StructureDefinition/observation-de-ems-mind-notarzt-nachgefordert,StructureDefinition/observation-de-ems-mind-zeit-transportbeginn,StructureDefinition/observation-de-ems-mind-zeit-ankunft-patient,StructureDefinition/observation-de-ems-mind-symptombeginn,StructureDefinition/observation-de-ems-mind-aerztliche-begleitung,StructureDefinition/observation-de-ems-mind-kein-transport-ohne-patient","SCT"
http://hl7.org/fhir/ValueSet/bundle-type,4.0.1,active,"2.16.840.1.113883.4.642.3.620",BundleType,BundleType,"Indicates the purpose of a bundle - how it is intended to be used.","StructureDefinition/bundle-de-ems-mind-r4","hl7.fhir.r4.core"
http://hl7.org/fhir/ValueSet/composition-attestation-mode,4.0.1,draft,"2.16.840.1.113883.4.642.3.238",CompositionAttestationMode,CompositionAttestationMode,"The way in which a person authenticated a composition.","StructureDefinition/composition-de-ems-mind-r4","hl7.fhir.r4.core"
http://hl7.org/fhir/ValueSet/composition-status,4.0.1,draft,"2.16.840.1.113883.4.642.3.241",CompositionStatus,CompositionStatus,"The workflow/clinical status of the composition.","StructureDefinition/composition-de-ems-mind-r4","hl7.fhir.r4.core"
http://hl7.org/fhir/ValueSet/data-absent-reason,4.0.1,active,"2.16.840.1.113883.4.642.3.5",DataAbsentReason,DataAbsentReason,"Used to specify why the normally expected content of the data element is missing.","StructureDefinition/observation-de-ems-mind-personalstatus,StructureDefinition/observation-de-ems-mind-beteiligte-rettungsmittel,StructureDefinition/observation-de-ems-mind-zeit-uebergabe-patient,StructureDefinition/observation-de-ems-mind-symptombeginn-vor-24h,StructureDefinition/observation-de-ems-mind-zeit-ankunft-einsatzort,StructureDefinition/observation-de-ems-mind-rd-transport,StructureDefinition/observation-de-ems-mind-dokumentierendes-rettungsmittel,StructureDefinition/observation-de-ems-mind-alter,StructureDefinition/observation-de-ems-mind-symptombeginn-gesichert,StructureDefinition/observation-de-ems-mind-zeit-eintreffen-transportziel,StructureDefinition/observation-de-ems-mind-zeit-notfallmeldung,StructureDefinition/observation-de-ems-mind-aerztliche-qualifikation,StructureDefinition/observation-de-ems-mind-tna-nachgefordert,StructureDefinition/observation-de-ems-mind-altersvaliditaet,StructureDefinition/observation-de-ems-base,StructureDefinition/observation-de-ems-mind-kein-transport-mit-patient,StructureDefinition/observation-de-ems-mind-zeit-einsatzende,StructureDefinition/observation-de-ems-mind-zeit-ausruecken,StructureDefinition/observation-de-ems-mind-zeit-alarm,StructureDefinition/observation-de-ems-mind,StructureDefinition/observation-de-ems-mind-notarzt-nachgefordert,StructureDefinition/observation-de-ems-mind-zeit-transportbeginn,StructureDefinition/observation-de-ems-mind-zeit-ankunft-patient,StructureDefinition/observation-de-ems-mind-symptombeginn,StructureDefinition/observation-de-ems-mind-aerztliche-begleitung,StructureDefinition/observation-de-ems-mind-kein-transport-ohne-patient","THO"
http://hl7.org/fhir/ValueSet/days-of-week,4.0.1,active,"2.16.840.1.113883.4.642.3.512",DaysOfWeek,DaysOfWeek,"The days of the week.","StructureDefinition/location-de-ems-mind-r4,StructureDefinition/location-de-ems-divi-r4","hl7.fhir.r4.core"
http://hl7.org/fhir/ValueSet/diagnosis-role,4.0.1,draft,"2.16.840.1.113883.4.642.3.49",DiagnosisRole,DiagnosisRole,"This value set defines a set of codes that can be used to express the role of a diagnosis on the Encounter or EpisodeOfCare record.","StructureDefinition/encounter-de-ems-mind-r4,StructureDefinition/encounter-de-ems-divi-r4","THO"
http://hl7.org/fhir/ValueSet/doc-section-codes,4.0.1,draft,"2.16.840.1.113883.4.642.3.237",DocumentSectionCodes,Document Section Codes,"Document section codes (LOINC codes used in CCDA sections).","StructureDefinition/composition-de-ems-mind-r4","LOINC"
http://hl7.org/fhir/ValueSet/document-classcodes,4.0.1,active,"2.16.840.1.113883.3.88.12.80.46",DocumentClassValueSet,Document Class Value Set,"This is the code specifying the high-level kind of document (e.g. Prescription, Discharge Summary, Report, etc.). Note: Class code for documents comes from LOINC, and is based upon one of the following:The type of service described by the document. It is described at a very high level in Section 7.3 of the LOINC Manual. The type study performed. It was determined by identifying modalities for study reports. The section of the chart where the document is placed. It was determined from the SETs created for Claims Attachment requests.","StructureDefinition/composition-de-ems-mind-r4","LOINC"
http://hl7.org/fhir/ValueSet/document-relationship-type,4.0.1,draft,"2.16.840.1.113883.4.642.3.244",DocumentRelationshipType,DocumentRelationshipType,"The type of relationship between documents.","StructureDefinition/composition-de-ems-mind-r4","hl7.fhir.r4.core"
http://hl7.org/fhir/ValueSet/encounter-admit-source,4.0.1,draft,"2.16.840.1.113883.4.642.3.257",AdmitSource,Admit source,"This value set defines a set of codes that can be used to indicate from where the patient came in.","StructureDefinition/encounter-de-ems-mind-r4,StructureDefinition/encounter-de-ems-divi-r4","THO"
http://hl7.org/fhir/ValueSet/encounter-diet,4.0.1,draft,"2.16.840.1.113883.4.642.3.255",Diet,Diet,"This value set defines a set of codes that can be used to indicate dietary preferences or restrictions a patient may have.","StructureDefinition/encounter-de-ems-mind-r4,StructureDefinition/encounter-de-ems-divi-r4","THO"
http://hl7.org/fhir/ValueSet/encounter-discharge-disposition,4.0.1,draft,"2.16.840.1.113883.4.642.3.259",DischargeDisposition,Discharge disposition,"This value set defines a set of codes that can be used to where the patient left the hospital.","StructureDefinition/encounter-de-ems-mind-r4,StructureDefinition/encounter-de-ems-divi-r4","THO"
http://hl7.org/fhir/ValueSet/encounter-location-status,4.0.1,draft,"2.16.840.1.113883.4.642.3.262",EncounterLocationStatus,EncounterLocationStatus,"The status of the location.","StructureDefinition/encounter-de-ems-mind-r4,StructureDefinition/encounter-de-ems-divi-r4","hl7.fhir.r4.core"
http://hl7.org/fhir/ValueSet/encounter-participant-type,4.0.1,draft,"2.16.840.1.113883.4.642.3.250",ParticipantType,Participant type,"This value set defines a set of codes that can be used to indicate how an individual participates in an encounter.","StructureDefinition/encounter-de-ems-mind-r4,StructureDefinition/encounter-de-ems-divi-r4","THO (V3),THO"
http://hl7.org/fhir/ValueSet/encounter-reason,4.0.1,draft,"2.16.840.1.113883.4.642.3.261",EncounterReasonCodes,Encounter Reason Codes,"This examples value set defines the set of codes that can be used to indicate reasons for an encounter.","StructureDefinition/encounter-de-ems-mind-r4,StructureDefinition/encounter-de-ems-divi-r4","SCT"
http://hl7.org/fhir/ValueSet/encounter-special-arrangements,4.0.1,draft,"2.16.840.1.113883.4.642.3.253",SpecialArrangements,Special arrangements,"This value set defines a set of codes that can be used to indicate the kinds of special arrangements in place for a patients visit.","StructureDefinition/encounter-de-ems-mind-r4,StructureDefinition/encounter-de-ems-divi-r4","THO"
http://hl7.org/fhir/ValueSet/encounter-special-courtesy,4.0.1,draft,"2.16.840.1.113883.4.642.3.252",SpecialCourtesy,Special courtesy,"This value set defines a set of codes that can be used to indicate special courtesies provided to the patient.","StructureDefinition/encounter-de-ems-mind-r4,StructureDefinition/encounter-de-ems-divi-r4","THO (V3)"
http://hl7.org/fhir/ValueSet/encounter-status,4.0.1,draft,"2.16.840.1.113883.4.642.3.246",EncounterStatus,EncounterStatus,"Current state of the encounter.","StructureDefinition/encounter-de-ems-mind-r4,StructureDefinition/encounter-de-ems-divi-r4","hl7.fhir.r4.core"
http://hl7.org/fhir/ValueSet/http-verb,4.0.1,active,"2.16.840.1.113883.4.642.3.624",HTTPVerb,HTTPVerb,"HTTP verbs (in the HTTP command line). See [HTTP rfc](https://tools.ietf.org/html/rfc7231) for details.","StructureDefinition/bundle-de-ems-mind-r4","hl7.fhir.r4.core"
http://hl7.org/fhir/ValueSet/identifier-type,4.0.1,active,"2.16.840.1.113883.4.642.3.45",Identifier Type Codes,IdentifierType,"A coded type for an identifier that can be used to determine which identifier to use for a specific purpose.","StructureDefinition/patient-de-ems-divi-r4,StructureDefinition/encounter-de-ems-mind-r4,StructureDefinition/encounter-de-ems-divi-r4,StructureDefinition/patient-de-ems-mind-r4","THO (V2)"
http://hl7.org/fhir/ValueSet/identifier-use,4.0.1,active,"2.16.840.1.113883.4.642.3.57",IdentifierUse,IdentifierUse,"Identifies the purpose for this identifier, if known .","StructureDefinition/patient-de-ems-divi-r4,StructureDefinition/encounter-de-ems-mind-r4,StructureDefinition/encounter-de-ems-divi-r4,StructureDefinition/patient-de-ems-mind-r4","hl7.fhir.r4.core"
http://hl7.org/fhir/ValueSet/iso3166-1-2,4.0.1,active,,Iso3166-1-2,Iso 3166 Part 1: 2 Letter Codes,"This value set defines the ISO 3166 Part 1 2-letter codes","StructureDefinition/location-de-ems-mind-r4,StructureDefinition/location-de-ems-divi-r4","Other"
http://hl7.org/fhir/ValueSet/languages,4.0.1,draft,"2.16.840.1.113883.4.642.3.20",CommonLanguages,Common Languages,"This value set includes common codes from BCP-47 (http://tools.ietf.org/html/bcp47)","StructureDefinition/observation-de-ems-mind-personalstatus,StructureDefinition/observation-de-ems-mind-beteiligte-rettungsmittel,StructureDefinition/observation-de-ems-mind-zeit-uebergabe-patient,StructureDefinition/location-de-ems-mind-r4,StructureDefinition/observation-de-ems-mind-symptombeginn-vor-24h,StructureDefinition/bundle-de-ems-mind-r4,StructureDefinition/location-de-ems-divi-r4,StructureDefinition/observation-de-ems-mind-zeit-ankunft-einsatzort,StructureDefinition/observation-de-ems-mind-rd-transport,StructureDefinition/composition-de-ems-mind-r4,StructureDefinition/observation-de-ems-mind-dokumentierendes-rettungsmittel,StructureDefinition/observation-de-ems-mind-alter,StructureDefinition/observation-de-ems-mind-symptombeginn-gesichert,StructureDefinition/observation-de-ems-mind-zeit-eintreffen-transportziel,StructureDefinition/observation-de-ems-mind-zeit-notfallmeldung,StructureDefinition/observation-de-ems-mind-aerztliche-qualifikation,StructureDefinition/patient-de-ems-mind-r4,StructureDefinition/patient-de-ems-divi-r4,StructureDefinition/observation-de-ems-mind-tna-nachgefordert,StructureDefinition/observation-de-ems-mind-altersvaliditaet,StructureDefinition/observation-de-ems-base,StructureDefinition/observation-de-ems-mind-kein-transport-mit-patient,StructureDefinition/observation-de-ems-mind-zeit-einsatzende,StructureDefinition/observation-de-ems-mind-zeit-ausruecken,StructureDefinition/observation-de-ems-mind-zeit-alarm,StructureDefinition/observation-de-ems-mind,StructureDefinition/observation-de-ems-mind-notarzt-nachgefordert,StructureDefinition/encounter-de-ems-divi-r4,StructureDefinition/encounter-de-ems-mind-r4,StructureDefinition/observation-de-ems-mind-zeit-transportbeginn,StructureDefinition/observation-de-ems-mind-zeit-ankunft-patient,StructureDefinition/observation-de-ems-mind-symptombeginn,StructureDefinition/observation-de-ems-mind-aerztliche-begleitung,StructureDefinition/observation-de-ems-mind-kein-transport-ohne-patient","Other"
http://hl7.org/fhir/ValueSet/link-type,4.0.1,active,"2.16.840.1.113883.4.642.3.423",LinkType,LinkType,"The type of link between this patient resource and another patient resource.","StructureDefinition/patient-de-ems-divi-r4,StructureDefinition/patient-de-ems-mind-r4","hl7.fhir.r4.core"
http://hl7.org/fhir/ValueSet/list-empty-reason,4.0.1,draft,"2.16.840.1.113883.4.642.3.322",ListEmptyReasons,List Empty Reasons,"General reasons for a list to be empty. Reasons are either related to a summary list (i.e. problem or medication list) or to a workflow related list (i.e. consultation list).","StructureDefinition/composition-de-ems-mind-r4","THO"
http://hl7.org/fhir/ValueSet/list-mode,4.0.1,draft,"2.16.840.1.113883.4.642.3.318",ListMode,ListMode,"The processing mode that applies to this list.","StructureDefinition/composition-de-ems-mind-r4","hl7.fhir.r4.core"
http://hl7.org/fhir/ValueSet/list-order,4.0.1,draft,"2.16.840.1.113883.4.642.3.324",ListOrderCodes,List Order Codes,"Base values for the order of the items in a list resource.","StructureDefinition/composition-de-ems-mind-r4","THO"
http://hl7.org/fhir/ValueSet/location-mode,4.0.1,draft,"2.16.840.1.113883.4.642.3.330",LocationMode,LocationMode,"Indicates whether a resource instance represents a specific location or a class of locations.","StructureDefinition/location-de-ems-mind-r4,StructureDefinition/location-de-ems-divi-r4","hl7.fhir.r4.core"
http://hl7.org/fhir/ValueSet/location-physical-type,4.0.1,draft,"2.16.840.1.113883.4.642.3.328",LocationType,Location type,"This example value set defines a set of codes that can be used to indicate the physical form of the Location.","StructureDefinition/encounter-de-ems-mind-r4,StructureDefinition/location-de-ems-mind-r4,StructureDefinition/location-de-ems-divi-r4,StructureDefinition/encounter-de-ems-divi-r4","THO"
http://hl7.org/fhir/ValueSet/location-status,4.0.1,draft,"2.16.840.1.113883.4.642.3.332",LocationStatus,LocationStatus,"Indicates whether the location is still in use.","StructureDefinition/location-de-ems-mind-r4,StructureDefinition/location-de-ems-divi-r4","hl7.fhir.r4.core"
http://hl7.org/fhir/ValueSet/marital-status,4.0.1,active,"2.16.840.1.113883.4.642.3.29",Marital Status Codes,MaritalStatus,"This value set defines the set of codes that can be used to indicate the marital status of a person.","StructureDefinition/patient-de-ems-divi-r4,StructureDefinition/patient-de-ems-mind-r4","THO (V3)"
http://hl7.org/fhir/ValueSet/observation-category,4.0.1,draft,"2.16.840.1.113883.4.642.3.403",ObservationCategoryCodes,Observation Category Codes,"Observation Category codes.","StructureDefinition/observation-de-ems-mind-personalstatus,StructureDefinition/observation-de-ems-mind-beteiligte-rettungsmittel,StructureDefinition/observation-de-ems-mind-zeit-uebergabe-patient,StructureDefinition/observation-de-ems-mind-symptombeginn-vor-24h,StructureDefinition/observation-de-ems-mind-zeit-ankunft-einsatzort,StructureDefinition/observation-de-ems-mind-rd-transport,StructureDefinition/observation-de-ems-mind-dokumentierendes-rettungsmittel,StructureDefinition/observation-de-ems-mind-alter,StructureDefinition/observation-de-ems-mind-symptombeginn-gesichert,StructureDefinition/observation-de-ems-mind-zeit-eintreffen-transportziel,StructureDefinition/observation-de-ems-mind-zeit-notfallmeldung,StructureDefinition/observation-de-ems-mind-aerztliche-qualifikation,StructureDefinition/observation-de-ems-mind-tna-nachgefordert,StructureDefinition/observation-de-ems-mind-altersvaliditaet,StructureDefinition/observation-de-ems-base,StructureDefinition/observation-de-ems-mind-kein-transport-mit-patient,StructureDefinition/observation-de-ems-mind-zeit-einsatzende,StructureDefinition/observation-de-ems-mind-zeit-ausruecken,StructureDefinition/observation-de-ems-mind-zeit-alarm,StructureDefinition/observation-de-ems-mind,StructureDefinition/observation-de-ems-mind-notarzt-nachgefordert,StructureDefinition/observation-de-ems-mind-zeit-transportbeginn,StructureDefinition/observation-de-ems-mind-zeit-ankunft-patient,StructureDefinition/observation-de-ems-mind-symptombeginn,StructureDefinition/observation-de-ems-mind-aerztliche-begleitung,StructureDefinition/observation-de-ems-mind-kein-transport-ohne-patient","THO"
http://hl7.org/fhir/ValueSet/observation-codes,4.0.1,draft,"2.16.840.1.113883.4.642.3.396",LOINCCodes,LOINC Codes,"This value set includes all LOINC codes","StructureDefinition/observation-de-ems-mind-personalstatus,StructureDefinition/observation-de-ems-mind-beteiligte-rettungsmittel,StructureDefinition/observation-de-ems-mind-zeit-uebergabe-patient,StructureDefinition/observation-de-ems-mind-symptombeginn-vor-24h,StructureDefinition/observation-de-ems-mind-zeit-ankunft-einsatzort,StructureDefinition/observation-de-ems-mind-rd-transport,StructureDefinition/observation-de-ems-mind-dokumentierendes-rettungsmittel,StructureDefinition/observation-de-ems-mind-alter,StructureDefinition/observation-de-ems-mind-symptombeginn-gesichert,StructureDefinition/observation-de-ems-mind-zeit-eintreffen-transportziel,StructureDefinition/observation-de-ems-mind-zeit-notfallmeldung,StructureDefinition/observation-de-ems-mind-aerztliche-qualifikation,StructureDefinition/observation-de-ems-mind-tna-nachgefordert,StructureDefinition/observation-de-ems-mind-altersvaliditaet,StructureDefinition/observation-de-ems-base,StructureDefinition/observation-de-ems-mind-kein-transport-mit-patient,StructureDefinition/observation-de-ems-mind-zeit-einsatzende,StructureDefinition/observation-de-ems-mind-zeit-ausruecken,StructureDefinition/observation-de-ems-mind-zeit-alarm,StructureDefinition/observation-de-ems-mind,StructureDefinition/observation-de-ems-mind-notarzt-nachgefordert,StructureDefinition/observation-de-ems-mind-zeit-transportbeginn,StructureDefinition/observation-de-ems-mind-zeit-ankunft-patient,StructureDefinition/observation-de-ems-mind-symptombeginn,StructureDefinition/observation-de-ems-mind-aerztliche-begleitung,StructureDefinition/observation-de-ems-mind-kein-transport-ohne-patient","LOINC"
http://hl7.org/fhir/ValueSet/observation-interpretation,4.0.1,active,"2.16.840.1.113883.4.642.3.399",ObservationInterpretationCodes,Observation Interpretation Codes,"A categorical assessment, providing a rough qualitative interpretation of the observation value,    such as “normal”/ “abnormal”,”low” / “high”, “better” / “worse”, “susceptible” / “resistant”, “expected”/ “not expected”.    The value set is intended to be for ANY use where coded representation of an interpretation is needed.             Notes:          This is being communicated in v2.x in OBX-8 (Observation Interpretation), in v3 in ObservationInterpretation (CWE) in R1 (Representative Realm) and in FHIR in    Observation.interpretation. Historically these values come from the laboratory domain, and these codes are extensively    used. The value set binding is extensible, so codes outside the value set that are needed for interpretation concepts    (i.e. particular meanings) that are not included in the value set can be used, and these new codes may also be added to    the value set and published in a future version.","StructureDefinition/observation-de-ems-mind-personalstatus,StructureDefinition/observation-de-ems-mind-beteiligte-rettungsmittel,StructureDefinition/observation-de-ems-mind-zeit-uebergabe-patient,StructureDefinition/observation-de-ems-mind-symptombeginn-vor-24h,StructureDefinition/observation-de-ems-mind-zeit-ankunft-einsatzort,StructureDefinition/observation-de-ems-mind-rd-transport,StructureDefinition/observation-de-ems-mind-dokumentierendes-rettungsmittel,StructureDefinition/observation-de-ems-mind-alter,StructureDefinition/observation-de-ems-mind-symptombeginn-gesichert,StructureDefinition/observation-de-ems-mind-zeit-eintreffen-transportziel,StructureDefinition/observation-de-ems-mind-zeit-notfallmeldung,StructureDefinition/observation-de-ems-mind-aerztliche-qualifikation,StructureDefinition/observation-de-ems-mind-tna-nachgefordert,StructureDefinition/observation-de-ems-mind-altersvaliditaet,StructureDefinition/observation-de-ems-base,StructureDefinition/observation-de-ems-mind-kein-transport-mit-patient,StructureDefinition/observation-de-ems-mind-zeit-einsatzende,StructureDefinition/observation-de-ems-mind-zeit-ausruecken,StructureDefinition/observation-de-ems-mind-zeit-alarm,StructureDefinition/observation-de-ems-mind,StructureDefinition/observation-de-ems-mind-notarzt-nachgefordert,StructureDefinition/observation-de-ems-mind-zeit-transportbeginn,StructureDefinition/observation-de-ems-mind-zeit-ankunft-patient,StructureDefinition/observation-de-ems-mind-symptombeginn,StructureDefinition/observation-de-ems-mind-aerztliche-begleitung,StructureDefinition/observation-de-ems-mind-kein-transport-ohne-patient","THO (V3)"
http://hl7.org/fhir/ValueSet/observation-methods,4.0.1,draft,"2.16.840.1.113883.4.642.3.395",ObservationMethods,Observation Methods,"Observation Method codes from [SNOMED CT](http://snomed.info/sct) where concept is-a 272394005 (Technique (qualifier value)) or is-a 129264002 (Action (qualifier value)) or is-a 386053000 (Evaluation procedure(procedure))","StructureDefinition/observation-de-ems-mind-personalstatus,StructureDefinition/observation-de-ems-mind-beteiligte-rettungsmittel,StructureDefinition/observation-de-ems-mind-zeit-uebergabe-patient,StructureDefinition/observation-de-ems-mind-symptombeginn-vor-24h,StructureDefinition/observation-de-ems-mind-zeit-ankunft-einsatzort,StructureDefinition/observation-de-ems-mind-rd-transport,StructureDefinition/observation-de-ems-mind-dokumentierendes-rettungsmittel,StructureDefinition/observation-de-ems-mind-alter,StructureDefinition/observation-de-ems-mind-symptombeginn-gesichert,StructureDefinition/observation-de-ems-mind-zeit-eintreffen-transportziel,StructureDefinition/observation-de-ems-mind-zeit-notfallmeldung,StructureDefinition/observation-de-ems-mind-aerztliche-qualifikation,StructureDefinition/observation-de-ems-mind-tna-nachgefordert,StructureDefinition/observation-de-ems-mind-altersvaliditaet,StructureDefinition/observation-de-ems-base,StructureDefinition/observation-de-ems-mind-kein-transport-mit-patient,StructureDefinition/observation-de-ems-mind-zeit-einsatzende,StructureDefinition/observation-de-ems-mind-zeit-ausruecken,StructureDefinition/observation-de-ems-mind-zeit-alarm,StructureDefinition/observation-de-ems-mind,StructureDefinition/observation-de-ems-mind-notarzt-nachgefordert,StructureDefinition/observation-de-ems-mind-zeit-transportbeginn,StructureDefinition/observation-de-ems-mind-zeit-ankunft-patient,StructureDefinition/observation-de-ems-mind-symptombeginn,StructureDefinition/observation-de-ems-mind-aerztliche-begleitung,StructureDefinition/observation-de-ems-mind-kein-transport-ohne-patient","SCT"
http://hl7.org/fhir/ValueSet/observation-status,4.0.1,active,"2.16.840.1.113883.4.642.3.400",ObservationStatus,ObservationStatus,"Codes providing the status of an observation.","StructureDefinition/observation-de-ems-mind-personalstatus,StructureDefinition/observation-de-ems-mind-beteiligte-rettungsmittel,StructureDefinition/observation-de-ems-mind-zeit-uebergabe-patient,StructureDefinition/observation-de-ems-mind-symptombeginn-vor-24h,StructureDefinition/observation-de-ems-mind-zeit-ankunft-einsatzort,StructureDefinition/observation-de-ems-mind-rd-transport,StructureDefinition/observation-de-ems-mind-dokumentierendes-rettungsmittel,StructureDefinition/observation-de-ems-mind-alter,StructureDefinition/observation-de-ems-mind-symptombeginn-gesichert,StructureDefinition/observation-de-ems-mind-zeit-eintreffen-transportziel,StructureDefinition/observation-de-ems-mind-zeit-notfallmeldung,StructureDefinition/observation-de-ems-mind-aerztliche-qualifikation,StructureDefinition/observation-de-ems-mind-tna-nachgefordert,StructureDefinition/observation-de-ems-mind-altersvaliditaet,StructureDefinition/observation-de-ems-base,StructureDefinition/observation-de-ems-mind-kein-transport-mit-patient,StructureDefinition/observation-de-ems-mind-zeit-einsatzende,StructureDefinition/observation-de-ems-mind-zeit-ausruecken,StructureDefinition/observation-de-ems-mind-zeit-alarm,StructureDefinition/observation-de-ems-mind,StructureDefinition/observation-de-ems-mind-notarzt-nachgefordert,StructureDefinition/observation-de-ems-mind-zeit-transportbeginn,StructureDefinition/observation-de-ems-mind-zeit-ankunft-patient,StructureDefinition/observation-de-ems-mind-symptombeginn,StructureDefinition/observation-de-ems-mind-aerztliche-begleitung,StructureDefinition/observation-de-ems-mind-kein-transport-ohne-patient","hl7.fhir.r4.core"
http://hl7.org/fhir/ValueSet/patient-contactrelationship,4.0.1,active,"2.16.840.1.113883.4.642.3.1130",PatientContactRelationship,Patient Contact Relationship ,"The nature of the relationship between the patient and the contact person.","StructureDefinition/patient-de-ems-divi-r4,StructureDefinition/patient-de-ems-mind-r4","THO (V2)"
http://hl7.org/fhir/ValueSet/referencerange-appliesto,4.0.1,draft,"2.16.840.1.113883.4.642.3.407",ObservationReferenceRangeAppliesToCodes,Observation Reference Range Applies To Codes,"This value set defines a set of codes that can be used to indicate the particular target population the reference range applies to.","StructureDefinition/observation-de-ems-mind-personalstatus,StructureDefinition/observation-de-ems-mind-beteiligte-rettungsmittel,StructureDefinition/observation-de-ems-mind-zeit-uebergabe-patient,StructureDefinition/observation-de-ems-mind-symptombeginn-vor-24h,StructureDefinition/observation-de-ems-mind-zeit-ankunft-einsatzort,StructureDefinition/observation-de-ems-mind-rd-transport,StructureDefinition/observation-de-ems-mind-dokumentierendes-rettungsmittel,StructureDefinition/observation-de-ems-mind-alter,StructureDefinition/observation-de-ems-mind-symptombeginn-gesichert,StructureDefinition/observation-de-ems-mind-zeit-eintreffen-transportziel,StructureDefinition/observation-de-ems-mind-zeit-notfallmeldung,StructureDefinition/observation-de-ems-mind-aerztliche-qualifikation,StructureDefinition/observation-de-ems-mind-tna-nachgefordert,StructureDefinition/observation-de-ems-mind-altersvaliditaet,StructureDefinition/observation-de-ems-base,StructureDefinition/observation-de-ems-mind-kein-transport-mit-patient,StructureDefinition/observation-de-ems-mind-zeit-einsatzende,StructureDefinition/observation-de-ems-mind-zeit-ausruecken,StructureDefinition/observation-de-ems-mind-zeit-alarm,StructureDefinition/observation-de-ems-mind,StructureDefinition/observation-de-ems-mind-notarzt-nachgefordert,StructureDefinition/observation-de-ems-mind-zeit-transportbeginn,StructureDefinition/observation-de-ems-mind-zeit-ankunft-patient,StructureDefinition/observation-de-ems-mind-symptombeginn,StructureDefinition/observation-de-ems-mind-aerztliche-begleitung,StructureDefinition/observation-de-ems-mind-kein-transport-ohne-patient","SCT"
http://hl7.org/fhir/ValueSet/referencerange-meaning,4.0.1,draft,"2.16.840.1.113883.4.642.3.397",ObservationReferenceRangeMeaningCodes,Observation Reference Range Meaning Codes,"This value set defines a set of codes that can be used to indicate the meaning/use of a reference range for a particular target population.","StructureDefinition/observation-de-ems-mind-personalstatus,StructureDefinition/observation-de-ems-mind-beteiligte-rettungsmittel,StructureDefinition/observation-de-ems-mind-zeit-uebergabe-patient,StructureDefinition/observation-de-ems-mind-symptombeginn-vor-24h,StructureDefinition/observation-de-ems-mind-zeit-ankunft-einsatzort,StructureDefinition/observation-de-ems-mind-rd-transport,StructureDefinition/observation-de-ems-mind-dokumentierendes-rettungsmittel,StructureDefinition/observation-de-ems-mind-alter,StructureDefinition/observation-de-ems-mind-symptombeginn-gesichert,StructureDefinition/observation-de-ems-mind-zeit-eintreffen-transportziel,StructureDefinition/observation-de-ems-mind-zeit-notfallmeldung,StructureDefinition/observation-de-ems-mind-aerztliche-qualifikation,StructureDefinition/observation-de-ems-mind-tna-nachgefordert,StructureDefinition/observation-de-ems-mind-altersvaliditaet,StructureDefinition/observation-de-ems-base,StructureDefinition/observation-de-ems-mind-kein-transport-mit-patient,StructureDefinition/observation-de-ems-mind-zeit-einsatzende,StructureDefinition/observation-de-ems-mind-zeit-ausruecken,StructureDefinition/observation-de-ems-mind-zeit-alarm,StructureDefinition/observation-de-ems-mind,StructureDefinition/observation-de-ems-mind-notarzt-nachgefordert,StructureDefinition/observation-de-ems-mind-zeit-transportbeginn,StructureDefinition/observation-de-ems-mind-zeit-ankunft-patient,StructureDefinition/observation-de-ems-mind-symptombeginn,StructureDefinition/observation-de-ems-mind-aerztliche-begleitung,StructureDefinition/observation-de-ems-mind-kein-transport-ohne-patient","THO"
http://hl7.org/fhir/ValueSet/search-entry-mode,4.0.1,active,"2.16.840.1.113883.4.642.3.622",SearchEntryMode,SearchEntryMode,"Why an entry is in the result set - whether it's included as a match or because of an _include requirement, or to convey information or warning information about the search process.","StructureDefinition/bundle-de-ems-mind-r4","hl7.fhir.r4.core"
http://hl7.org/fhir/ValueSet/service-type,4.0.1,draft,"2.16.840.1.113883.4.642.3.518",ServiceType,Service type,"This value set defines an example set of codes of service-types.","StructureDefinition/encounter-de-ems-mind-r4,StructureDefinition/encounter-de-ems-divi-r4","THO"
http://terminology.hl7.org/ValueSet/v2-0092,3.0.0,active,"2.16.840.1.113883.21.40",Hl7VSReAdmissionIndicator,hl7VS-re-admissionIndicator,"Value Set of codes which are used to specify that a patient is being re-admitted to a healthcare facility from which they were discharged, and indicates the circumstances around such re-admission.","StructureDefinition/encounter-de-ems-mind-r4,StructureDefinition/encounter-de-ems-divi-r4","THO (V2)"
http://terminology.hl7.org/ValueSet/v2-0116,3.0.0,active,"2.16.840.1.113883.21.51",Hl7VSBedStatus,hl7VS-bedStatus,"Value Set of codes that specify the state of a bed in an inpatient setting, and is used to determine if a patient may be assigned to it or not.","StructureDefinition/location-de-ems-mind-r4,StructureDefinition/location-de-ems-divi-r4","THO (V2)"
http://terminology.hl7.org/ValueSet/v3-ActCode,3.0.0,active,,ActCode,v3 Code System ActCode,"A code specifying the particular kind of Act that the Act-instance represents within its class.  Constraints:  The kind of Act (e.g. physical examination, serum potassium, inpatient encounter, charge financial transaction, etc.) is specified with a code from one of several, typically external, coding systems.  The coding system will depend on the class of Act, such as LOINC for observations, etc. Conceptually, the Act.code must be a specialization of the Act.classCode. This is why the structure of ActClass domain should be reflected in the superstructure of the ActCode domain and then individual codes or externally referenced vocabularies subordinated under these domains that reflect the ActClass structure. Act.classCode and Act.code are not modifiers of each other but the Act.code concept should really imply the Act.classCode concept. For a negative example, it is not appropriate to use an Act.code ""potassium"" together with and Act.classCode for ""laboratory observation"" to somehow mean ""potassium laboratory observation"" and then use the same Act.code for ""potassium"" together with Act.classCode for ""medication"" to mean ""substitution of potassium"". This mutually modifying use of Act.code and Act.classCode is not permitted.","StructureDefinition/composition-de-ems-mind-r4","THO (V3)"
http://terminology.hl7.org/ValueSet/v3-ActEncounterCode,3.0.0,active,"2.16.840.1.113883.1.11.13955",ActEncounterCode,ActEncounterCode,"Domain provides codes that qualify the ActEncounterClass (ENC)","StructureDefinition/encounter-de-ems-mind-r4,StructureDefinition/encounter-de-ems-divi-r4","THO (V3)"
http://terminology.hl7.org/ValueSet/v3-ActPriority,3.0.0,active,"2.16.840.1.113883.1.11.16866",ActPriority,ActPriority,"A code or set of codes (e.g., for routine, emergency,) specifying the urgency under which the Act happened, can happen, is happening, is intended to happen, or is requested/demanded to happen.    *Discussion:* This attribute is used in orders to indicate the ordered priority, and in event documentation it indicates the actual priority used to perform the act. In definition mood it indicates the available priorities.","StructureDefinition/encounter-de-ems-mind-r4,StructureDefinition/encounter-de-ems-divi-r4","THO (V3)"
http://terminology.hl7.org/ValueSet/v3-ConfidentialityClassification,2014-03-26,active,"2.16.840.1.113883.1.11.10228",v3.ConfidentialityClassification,V3 Value SetConfidentialityClassification," Set of codes used to value Act.Confidentiality and Role.Confidentiality attribute in accordance with the definition for concept domain ""Confidentiality"".","StructureDefinition/composition-de-ems-mind-r4","THO (V3)"
http://terminology.hl7.org/ValueSet/v3-ServiceDeliveryLocationRoleType,3.0.0,active,"2.16.840.1.113883.1.11.17660",ServiceDeliveryLocationRoleType,ServiceDeliveryLocationRoleType,"A role of a place that further classifies the setting (e.g., accident site, road side, work site, community location) in which services are delivered.","StructureDefinition/location-de-ems-mind-r4,StructureDefinition/location-de-ems-divi-r4","THO (V3)"
https://till-ko.github.io/de-ems/ValueSet/mind-aerztliche-begleitung-vs,0.1.0,active,"2.25.169126619167380341660016816424527320624.48.1",MindAerztlicheBegleitungVS,MIND Ärztliche Transportbegleitung ValueSet,"Ärztliche Transportbegleitung gemäß MIND 7.1.","StructureDefinition/observation-de-ems-mind-aerztliche-begleitung","Internal"
https://till-ko.github.io/de-ems/ValueSet/mind-aerztliche-qualifikation-vs,0.1.0,active,"2.25.169126619167380341660016816424527320624.48.2",MindAerztlicheQualifikationVS,MIND Ärztliche Qualifikation ValueSet,"Notärztliches oder transportärztliches Fachgebiet bzw. Qualifikation gemäß MIND 7.1.","StructureDefinition/observation-de-ems-mind-aerztliche-qualifikation","Internal"
https://till-ko.github.io/de-ems/ValueSet/mind-airway-massnahme-vs,0.1.0,active,"2.25.169126619167380341660016816424527320624.48.3",MindAirwayMassnahmeVS,MIND Airway-Maßnahme ValueSet,"Maßnahmen zum Atemwegsmanagement gemäß MIND 7.1.",,"Internal"
https://till-ko.github.io/de-ems/ValueSet/mind-atemunterstuetzung-vs,0.1.0,active,"2.25.169126619167380341660016816424527320624.48.4",MindAtemunterstuetzungVS,MIND Atemunterstützung ValueSet,"Atemunterstützung und Beatmung gemäß MIND 7.1.",,"Internal"
https://till-ko.github.io/de-ems/ValueSet/mind-atmung-vs,0.1.0,active,"2.25.169126619167380341660016816424527320624.48.5",MindAtmungVS,MIND Atembefund ValueSet,"Klinische Befunde der Atmung gemäß MIND 7.1.",,"Internal"
https://till-ko.github.io/de-ems/ValueSet/mind-beteiligtes-rettungsmittel-vs,0.1.0,active,"2.25.169126619167380341660016816424527320624.48.6",MindBeteiligtesRettungsmittelVS,MIND Beteiligtes Rettungsmittel ValueSet,"Typen der am Einsatz beteiligten Rettungsmittel gemäß MIND 7.1.","StructureDefinition/observation-de-ems-mind-beteiligte-rettungsmittel","Internal"
https://till-ko.github.io/de-ems/ValueSet/mind-bewusstseinslage-vs,0.1.0,active,"2.25.169126619167380341660016816424527320624.48.7",MindBewusstseinslageVS,MIND Bewusstseinslage ValueSet,"Bewusstseinslage gemäß MIND 7.1.",,"Internal"
https://till-ko.github.io/de-ems/ValueSet/mind-circulation-zugang-vs,0.1.0,active,"2.25.169126619167380341660016816424527320624.48.8",MindCirculationZugangVS,MIND Medikamentenzugang ValueSet,"Angelegter Medikamentenzugang gemäß MIND 7.1.",,"Internal"
https://till-ko.github.io/de-ems/ValueSet/mind-diagnose-vs,0.1.0,active,"2.25.169126619167380341660016816424527320624.48.9",MindDiagnoseVS,MIND Diagnose ValueSet,"Diagnosecodes für MIND 7.1.",,"Internal"
https://till-ko.github.io/de-ems/ValueSet/mind-dokumentierendes-rettungsmittel-vs,0.1.0,active,"2.25.169126619167380341660016816424527320624.48.10",MindDokumentierendesRettungsmittelVS,MIND Dokumentierendes Rettungsmittel ValueSet,"Typ des dokumentierenden Rettungsmittels gemäß MIND 7.1.","StructureDefinition/observation-de-ems-mind-dokumentierendes-rettungsmittel","Internal"
https://till-ko.github.io/de-ems/ValueSet/mind-einsatzart-na-vs,0.1.0,active,"2.25.169126619167380341660016816424527320624.48.11",MindEinsatzartNaVS,MIND Einsatzart ValueSet für NA-Protokolle,"Zulässige Einsatzarten für MIND 7.1 NA-Protokolle.",,"Internal"
https://till-ko.github.io/de-ems/ValueSet/mind-einsatzart-rd-vs,0.1.0,active,"2.25.169126619167380341660016816424527320624.48.12",MindEinsatzartRdVS,MIND Einsatzart ValueSet für RD-Protokolle,"Zulässige Einsatzarten für MIND 7.1 RD-Protokolle.",,"Internal"
https://till-ko.github.io/de-ems/ValueSet/mind-einsatzart-vs,0.1.0,active,"2.25.169126619167380341660016816424527320624.48.13",MindEinsatzartVS,MIND Einsatzart ValueSet,"ValueSet für die Einsatzart gemäß MIND 7.1 Spezifikation.","StructureDefinition/encounter-de-ems-mind-r4,StructureDefinition/encounter-de-ems-divi-r4","Internal"
https://till-ko.github.io/de-ems/ValueSet/mind-einsatzbesonderheit-vs,0.1.0,active,"2.25.169126619167380341660016816424527320624.48.14",MindEinsatzbesonderheitVS,MIND Einsatzbesonderheit ValueSet,"Einsatzbesonderheiten gemäß MIND 7.1.",,"Internal"
https://till-ko.github.io/de-ems/ValueSet/mind-einsatzort-typ-vs,0.1.0,active,"2.25.169126619167380341660016816424527320624.48.15",MindEinsatzortTypVS,MIND Einsatzorttyp ValueSet,"ValueSet für den Einsatzorttyp gemäß MIND 7.1 Spezifikation.","StructureDefinition/location-de-ems-mind-r4,StructureDefinition/location-de-ems-divi-r4","Internal"
https://till-ko.github.io/de-ems/ValueSet/mind-ekg-12-kanal-vs,0.1.0,active,"2.25.169126619167380341660016816424527320624.48.16",MindEkg12KanalVS,MIND 12-Kanal-EKG ValueSet,"Durchführung eines 12-Kanal-EKG gemäß MIND 7.1.",,"Internal"
https://till-ko.github.io/de-ems/ValueSet/mind-ekg-befund-vs,0.1.0,active,"2.25.169126619167380341660016816424527320624.48.17",MindEkgbefundVS,MIND EKG-Befund ValueSet,"EKG-Befund gemäß MIND 7.1.",,"Internal"
https://till-ko.github.io/de-ems/ValueSet/mind-erste-defibrillation-durch-vs,0.1.0,active,"2.25.169126619167380341660016816424527320624.48.18",MindErsteDefibrillationDurchVS,MIND Erste Defibrillation durch ValueSet,"Person oder Einheit, die die erste Defibrillation durchgeführt hat, gemäß MIND 7.1.",,"Internal"
https://till-ko.github.io/de-ems/ValueSet/mind-hautbefund-vs,0.1.0,active,"2.25.169126619167380341660016816424527320624.48.19",MindHautbefundVS,MIND Hautbefund ValueSet,"Hautbefunde gemäß MIND 7.1.",,"Internal"
https://till-ko.github.io/de-ems/ValueSet/mind-heilkundliche-massnahme-vs,0.1.0,active,"2.25.169126619167380341660016816424527320624.48.20",MindHeilkundlicheMassnahmeVS,MIND Heilkundliche Maßnahme ValueSet,"Eigenständig oder eigenverantwortlich durchgeführte heilkundliche Maßnahmen gemäß MIND 7.1.",,"Internal"
https://till-ko.github.io/de-ems/ValueSet/mind-herzdruckmassage-durch-vs,0.1.0,active,"2.25.169126619167380341660016816424527320624.48.21",MindHerzdruckmassageDurchVS,MIND Herzdruckmassage durch ValueSet,"Person oder Einheit, die mit der Herzdruckmassage begonnen hat, gemäß MIND 7.1.",,"Internal"
https://till-ko.github.io/de-ems/ValueSet/mind-indikation-intensivtransport-vs,0.1.0,active,"2.25.169126619167380341660016816424527320624.48.22",MindIndikationIntensivtransportVS,MIND Indikation Intensivtransport ValueSet,"Indikation für einen Intensivtransport gemäß MIND 7.1.",,"Internal"
https://till-ko.github.io/de-ems/ValueSet/mind-infusionsgabe-vs,0.1.0,active,"2.25.169126619167380341660016816424527320624.48.23",MindInfusionsgabeVS,MIND Infusionsgabe ValueSet,"Gültige MIND-7.1-Codes für die Gabe von Kristalloiden und speziellen Infusionen.",,"Internal"
https://till-ko.github.io/de-ems/ValueSet/mind-kein-transport-mit-patient-vs,0.1.0,active,"2.25.169126619167380341660016816424527320624.48.24",MindKeinTransportMitPatientVS,MIND Nichttransport bei Patientenkontakt ValueSet,"Grund für einen Einsatz ohne Transport trotz Patientenkontakt gemäß MIND 7.1.","StructureDefinition/observation-de-ems-mind-kein-transport-mit-patient","Internal"
https://till-ko.github.io/de-ems/ValueSet/mind-kein-transport-ohne-patient-vs,0.1.0,active,"2.25.169126619167380341660016816424527320624.48.25",MindKeinTransportOhnePatientVS,MIND Nichttransport ohne Patientenkontakt ValueSet,"Grund für einen Einsatz ohne Transport und ohne Patientenkontakt gemäß MIND 7.1.","StructureDefinition/observation-de-ems-mind-kein-transport-ohne-patient","Internal"
https://till-ko.github.io/de-ems/ValueSet/mind-kollaps-beobachtet-durch-vs,0.1.0,active,"2.25.169126619167380341660016816424527320624.48.26",MindKollapsBeobachtetDurchVS,MIND Kollaps beobachtet durch ValueSet,"Person oder Einheit, die den Kollaps beobachtet hat, gemäß MIND 7.1.",,"Internal"
https://till-ko.github.io/de-ems/ValueSet/mind-krankenhausaufnahme-zustand-vs,0.1.0,active,"2.25.169126619167380341660016816424527320624.48.27",MindKrankenhausaufnahmeZustandVS,MIND Krankenhausaufnahmezustand ValueSet,"Patientenzustand bei Krankenhausaufnahme gemäß MIND 7.1.",,"Internal"
https://till-ko.github.io/de-ems/ValueSet/mind-kreislaufstillstandursache-vs,0.1.0,active,"2.25.169126619167380341660016816424527320624.48.28",MindKreislaufstillstandursacheVS,MIND Kreislaufstillstandursache ValueSet,"Vermutete Ursache des Kreislaufstillstands gemäß MIND 7.1.",,"Internal"
https://till-ko.github.io/de-ems/ValueSet/mind-lagerungs-rettungstechnik-vs,0.1.0,active,"2.25.169126619167380341660016816424527320624.48.29",MindLagerungsRettungstechnikVS,MIND Lagerungs- und Rettungstechnik ValueSet,"Eingesetzte Lagerungs- und Rettungstechnik gemäß MIND 7.1.",,"Internal"
https://till-ko.github.io/de-ems/ValueSet/mind-lichtreaktion-vs,0.1.0,active,"2.25.169126619167380341660016816424527320624.48.30",MindLichtreaktionVS,MIND Lichtreaktion ValueSet,"Lichtreaktion der Pupillen gemäß MIND 7.1.",,"Internal"
https://till-ko.github.io/de-ems/ValueSet/mind-medikamentengabe-vs,0.1.0,active,"2.25.169126619167380341660016816424527320624.48.31",MindMedikamentengabeVS,MIND Medikamentengabe ValueSet,"Alle in MIND 7.1 gültigen Kombinationen aus Wirkstoffcode und Applikationsweg.",,"Internal"
https://till-ko.github.io/de-ems/ValueSet/mind-medizintechnik-vs,0.1.0,active,"2.25.169126619167380341660016816424527320624.48.32",MindMedizintechnikVS,MIND Medizintechnik ValueSet,"Eingesetzte Medizintechnik gemäß MIND 7.1.",,"Internal"
https://till-ko.github.io/de-ems/ValueSet/mind-mnaca-score-vs,0.1.0,active,"2.25.169126619167380341660016816424527320624.48.33",MindMnacaScoreVS,MIND M-NACA-Score ValueSet,"M-NACA-Score gemäß MIND 7.1.",,"Internal"
https://till-ko.github.io/de-ems/ValueSet/mind-naca-score-vs,0.1.0,active,"2.25.169126619167380341660016816424527320624.48.34",MindNacaScoreVS,MIND NACA-Score ValueSet,"NACA-Score gemäß MIND 7.1.",,"Internal"
https://till-ko.github.io/de-ems/ValueSet/mind-neurologische-auffaelligkeit-verlauf-vs,0.1.0,active,"2.25.169126619167380341660016816424527320624.48.35",MindNeurologischeAuffaelligkeitVerlaufVS,MIND Neurologische Auffälligkeit im Verlauf ValueSet,"Akute neurologische Auffälligkeiten (ZNS, PNS) im Verlaufsbefund gemäß MIND 7.1.",,"Internal"
https://till-ko.github.io/de-ems/ValueSet/mind-neurologische-auffaelligkeit-vs,0.1.0,active,"2.25.169126619167380341660016816424527320624.48.36",MindNeurologischeAuffaelligkeitVS,MIND Neurologische Auffälligkeit ValueSet,"Akute neurologische Auffälligkeiten (ZNS, PNS) gemäß MIND 7.1.",,"Internal"
https://till-ko.github.io/de-ems/ValueSet/mind-observationstyp-vs,0.1.0,active,"2.25.169126619167380341660016816424527320624.48.37",MindObservationstypVS,MIND Beobachtungstypen ValueSet,"Alle Beobachtungstypen (Observation.code) der MIND-7.1-Spezifikation.","StructureDefinition/observation-de-ems-mind-tna-nachgefordert,StructureDefinition/observation-de-ems-mind-kein-transport-mit-patient,StructureDefinition/observation-de-ems-mind-personalstatus,StructureDefinition/observation-de-ems-mind-zeit-einsatzende,StructureDefinition/observation-de-ems-mind-beteiligte-rettungsmittel,StructureDefinition/observation-de-ems-mind-zeit-uebergabe-patient,StructureDefinition/observation-de-ems-mind-zeit-ausruecken,StructureDefinition/observation-de-ems-mind-symptombeginn-vor-24h,StructureDefinition/observation-de-ems-mind-zeit-alarm,StructureDefinition/observation-de-ems-mind,StructureDefinition/observation-de-ems-mind-notarzt-nachgefordert,StructureDefinition/observation-de-ems-mind-zeit-ankunft-einsatzort,StructureDefinition/observation-de-ems-mind-rd-transport,StructureDefinition/observation-de-ems-mind-dokumentierendes-rettungsmittel,StructureDefinition/observation-de-ems-mind-zeit-transportbeginn,StructureDefinition/observation-de-ems-mind-symptombeginn-gesichert,StructureDefinition/observation-de-ems-mind-zeit-ankunft-patient,StructureDefinition/observation-de-ems-mind-symptombeginn,StructureDefinition/observation-de-ems-mind-aerztliche-begleitung,StructureDefinition/observation-de-ems-mind-zeit-eintreffen-transportziel,StructureDefinition/observation-de-ems-mind-zeit-notfallmeldung,StructureDefinition/observation-de-ems-mind-aerztliche-qualifikation,StructureDefinition/observation-de-ems-mind-kein-transport-ohne-patient","Internal"
https://till-ko.github.io/de-ems/ValueSet/mind-ort-patientenuebergabe-vs,0.1.0,active,"2.25.169126619167380341660016816424527320624.48.38",MindOrtPatientenuebergabeVS,MIND Ort der Patientenübergabe ValueSet,"Ort der Patientenübergabe gemäß MIND 7.1.",,"Internal"
https://till-ko.github.io/de-ems/ValueSet/mind-personalstatus-vs,0.1.0,active,"2.25.169126619167380341660016816424527320624.48.39",MindPersonalstatusVS,MIND Personalstatus ValueSet,"Status des am Einsatz beteiligten Personals gemäß MIND 7.1.","StructureDefinition/observation-de-ems-mind-personalstatus","Internal"
https://till-ko.github.io/de-ems/ValueSet/mind-pre-emergency-status-vs,0.1.0,active,"2.25.169126619167380341660016816424527320624.48.40",MindPreEmergencyStatusVS,MIND Zustand vor Eintritt des Notfalls ValueSet,"Zustand vor Eintritt des Notfalls gemäß MIND 7.1.",,"Internal"
https://till-ko.github.io/de-ems/ValueSet/mind-protokolltyp-vs,0.1.0,active,"2.25.169126619167380341660016816424527320624.48.41",MindProtokolltypVS,MIND Protokolltyp ValueSet,"ValueSet für den Protokolltyp (NA oder RD) gemäß MIND-Spezifikation.","StructureDefinition/composition-de-ems-mind-r4","Internal"
https://till-ko.github.io/de-ems/ValueSet/mind-psychischer-zustand-vs,0.1.0,active,"2.25.169126619167380341660016816424527320624.48.42",MindPsychischerZustandVS,MIND Psychischer Zustand ValueSet,"Psychischer Zustand gemäß MIND 7.1.",,"Internal"
https://till-ko.github.io/de-ems/ValueSet/mind-pupillenweite-vs,0.1.0,active,"2.25.169126619167380341660016816424527320624.48.43",MindPupillenweiteVS,MIND Pupillenweite ValueSet,"Pupillenweite gemäß MIND 7.1.",,"Internal"
https://till-ko.github.io/de-ems/ValueSet/mind-rd-transport-vs,0.1.0,active,"2.25.169126619167380341660016816424527320624.48.44",MindRdTransportVS,MIND Rettungsdienstlicher Transport ValueSet,"Rettungsdienstlicher Transport gemäß MIND 7.1.","StructureDefinition/observation-de-ems-mind-rd-transport","Internal"
https://till-ko.github.io/de-ems/ValueSet/mind-reanimationssituation-vs,0.1.0,active,"2.25.169126619167380341660016816424527320624.48.45",MindReanimationssituationVS,MIND Reanimationssituation ValueSet,"Lag eine Reanimationssituation vor bzw. wurde eine solche durch die Rettungsmittelbesatzung erkannt, gemäß MIND 7.1.",,"Internal"
https://till-ko.github.io/de-ems/ValueSet/mind-reanimationstechnik-vs,0.1.0,active,"2.25.169126619167380341660016816424527320624.48.46",MindReanimationstechnikVS,MIND Reanimationstechnik ValueSet,"Eingesetzte Reanimationstechnik gemäß MIND 7.1.",,"Internal"
https://till-ko.github.io/de-ems/ValueSet/mind-rosc-vs,0.1.0,active,"2.25.169126619167380341660016816424527320624.48.47",MindRoscVS,MIND ROSC ValueSet,"Erreichen eines Spontankreislaufs (ROSC) gemäß MIND 7.1.",,"Internal"
https://till-ko.github.io/de-ems/ValueSet/mind-schmerzerleben-vs,0.1.0,active,"2.25.169126619167380341660016816424527320624.48.48",MindSchmerzerlebenVS,MIND Schmerzerleben ValueSet,"Schmerzerleben durch die Patientin oder den Patienten gemäß MIND 7.1.",,"Internal"
https://till-ko.github.io/de-ems/ValueSet/mind-spezielle-devices-vs,0.1.0,active,"2.25.169126619167380341660016816424527320624.48.49",MindSpezielleDevicesVS,MIND Spezielle Devices ValueSet,"Spezielle Devices gemäß MIND 7.1.",,"Internal"
https://till-ko.github.io/de-ems/ValueSet/mind-spezielle-massnahme-vs,0.1.0,active,"2.25.169126619167380341660016816424527320624.48.50",MindSpezielleMassnahmeVS,MIND Spezielle Maßnahme ValueSet,"Spezielle Maßnahmen gemäß MIND 7.1.",,"Internal"
https://till-ko.github.io/de-ems/ValueSet/mind-unfallhergang-vs,0.1.0,active,"2.25.169126619167380341660016816424527320624.48.51",MindUnfallhergangVS,MIND Unfallhergang ValueSet,"Unfallhergang gemäß MIND 7.1.",,"Internal"
https://till-ko.github.io/de-ems/ValueSet/mind-unfallmechanismus-vs,0.1.0,active,"2.25.169126619167380341660016816424527320624.48.52",MindUnfallmechanismusVS,MIND Unfallmechanismus ValueSet,"Unfallmechanismus gemäß MIND 7.1.",,"Internal"
https://till-ko.github.io/de-ems/ValueSet/mind-unfallursache-vs,0.1.0,active,"2.25.169126619167380341660016816424527320624.48.53",MindUnfallursacheVS,MIND Unfallursache ValueSet,"Unfallursache gemäß MIND 7.1.",,"Internal"
https://till-ko.github.io/de-ems/ValueSet/mind-verletzungsmuster-vs,0.1.0,active,"2.25.169126619167380341660016816424527320624.48.54",MindVerletzungsmusterVS,MIND Verletzungsmuster ValueSet,"Verletzungsmuster gemäß MIND 7.1.",,"Internal"
https://till-ko.github.io/de-ems/ValueSet/mind-zeitliche-dringlichkeit-vs,0.1.0,active,"2.25.169126619167380341660016816424527320624.48.55",MindZeitlicheDringlichkeitVS,MIND Zeitliche Dringlichkeit ValueSet,"Zeitliche Dringlichkeit gemäß MIND 7.1.",,"Internal"
